id,type,status,desc,named_street_found,metres_to_street,snapped_route,direction,direction_unclear,camera_limit,road_layer_limits,flag
ATE 0806,Red Light,Live,Park Pl s/b @ Irving St NW,True,55.1,PARK PL NW,S,False,25,,True
ATE 0162,Speed,Live,2500 BLK GEORGIA AVE NW S/B,True,54.1,GEORGIA AVE NW,S,False,25,30,True
ATE 0867,Stop Sign,Live,49th St s/b @ E Capitol St NE,False,50.9,EAST CAPITOL ST BN,S,True,25,,True
ATE 0485,Red Light,Live,NY AVE W/B @ BLADENSBURG RD NE,True,46.9,NEW YORK AVE NE,W,False,40,35,True
ATE 0358,Speed,Live,600 BLK NEW YORK AVE NW E/B,True,43.0,NEW YORK AVE NW,E,False,25,25,True
ATE 0808,Speed,Live,5000 blk E Capitol St NE w/b,True,35.4,EAST CAPITOL ST BN,W,False,30,,True
ATE 0885,Speed,Configuration,1300 blk U St NW w/b,False,14.8,7TH ST NW,W,True,25,20,True
ATE 0601,Red Light,Live,E CAPITOL ST E/B @ TEXAS AVE SE,True,23.7,EAST CAPITOL ST BN,E,False,30,,False
ATE 0193,Speed,Live,300 BLK NEW YORK AVE NW W/B,True,20.8,NEW YORK AVE NW,W,False,25,30,False
ATE 0498,Red Light,Live,S CAPITOL RAMP S/B BEFORE I ST SW,True,20.6,SOUTH CAPITOL ST BN,S,False,30,,False
ATE 0524,Speed,Live,1500 BLK RHODE ISLAND AVE NE NE/B,True,20.6,RHODE ISLAND AVE NE,NE,False,25,30,False
ATE 0851,Speed,Live,3300 BLK WISCONSIN AVE NW S/B,True,19.7,WISCONSIN AVE NW,S,False,25,30,False
ATE 0842,Speed,Live,1300 blk Pennsylvania Ave SE w/b (WZ),True,19.5,PENNSYLVANIA AVE SE,W,False,25,30,False
ATE 0594,Red Light,Live,SUITLAND PKWY W/B @ STANTON RD SE,True,18.7,SUITLAND PKWY SE,W,False,35,45,False
ATE 0240,Speed,Live,3700 BLK S DAKOTA AVE NE SE/B,True,18.6,SOUTH DAKOTA AVE NE,SE,False,25,25,False
ATE 0704,Speed,Live,1400 BLK BLADENSBURG RD NE N/B,True,18.5,BLADENSBURG RD NE,N,False,25,30,False
ATE 0034,Red Light,Live,12TH ST N/B @ CONSTITUTION AVE NW,True,18.1,12TH ST NW,N,False,30,,False
ATE 0819,Red Light,Live,Bladensburg Rd s/b @ NY Ave NE,True,17.6,BLADENSBURG RD NE,S,False,25,30,False
ATE 0248,Speed,Live,3900 BLK GEORGIA AVE NW S/B,True,17.4,GEORGIA AVE NW,S,False,25,30,False
ATE 0126,Speed,Live,200 BLK RHODE ISLAND AVE NW W/B,True,17.2,RHODE ISLAND AVE NW,W,False,25,25,False
ATE 0609,Red Light,Live,NY AVE E/B @ BLADENSBURG RD NE,True,17.0,NEW YORK AVE NE,E,False,35,35,False
ATE 0208,Speed,Live,3200 BLK FORT LINCOLN DRIVE NE S/B,True,16.9,FORT LINCOLN DR NE,S,False,25,25,False
ATE 0065,Speed,Live,1400 BLK U ST NW E/B,True,16.9,U ST NW,E,False,25,20,False
ATE 0155,Speed,Live,2400 BLK BENNING RD NE NW/B,True,16.5,BENNING RD NE,NW,False,25,30,False
ATE 0044,Speed,Live,1300 BLK RHODE ISLAND AVE NE E/B,True,16.4,RHODE ISLAND AVE NE,E,False,25,30,False
ATE 0585,Red Light,Live,CONNECTICUT AVE S/B @ FLORIDA AVE NW,True,16.2,CONNECTICUT AVE NW,S,False,25,25,False
ATE 0222,Speed,Live,3500 BLK MINNESOTA AVE SE N/B,True,16.1,MINNESOTA AVE SE,N,False,25,20,False
ATE 0558,Speed,Live,2500 BLK PENNSYLVANIA AVE SE NW/B,True,16.0,PENNSYLVANIA AVE SE,NW,False,25,30,False
ATE 0082,Speed,Live,1600 BLK BENNING RD NE W/B,True,15.9,BENNING RD NE,W,False,30,30,False
ATE 0340,Speed,Live,5600 BLK EAST CAPITOL ST NE W/B,True,15.8,EAST CAPITOL ST BN,W,False,30,,False
ATE 0787,Red Light,Live,14TH ST N/B @ C ST SW,True,15.8,14TH ST SW,N,False,25,20,False
ATE 0365,Speed,Live,6000 BLK GEORGIA AVE NW S/B,True,15.8,GEORGIA AVE NW,S,False,25,30,False
ATE 0212,Speed,Live,3300 BLK NEW YORK AVE NE E/B,True,15.5,NEW YORK AVE NE,E,False,45,45,False
ATE 0841,Speed,Live,1300 blk Pennsylvania Ave SE e/b (WZ),True,15.5,PENNSYLVANIA AVE SE,E,False,25,30,False
ATE 0045,Speed,Live,1300 BLK RHODE ISLAND AVE NE W/B,True,15.4,RHODE ISLAND AVE NE,W,False,25,30,False
ATE 0884,Speed,Configuration,1700 blk 7th St NW s/b,True,14.8,7TH ST NW,S,False,25,20,False
ATE 0121,Speed,Live,200 BLK H ST NE E/B,True,14.7,H ST NE,E,False,25,25,False
ATE 0508,Speed,Live,SUITLAND PKWY W/B @ STANTON RD SE,True,14.7,SUITLAND PKWY SE,W,False,35,45,False
ATE 0705,Speed,Live,1100 BLK BLADENSBURG RD NE NE/B,True,14.7,BLADENSBURG RD NE,NE,False,25,25,False
ATE 0100,Speed,Live,1800 BLK CONNECTICUT AVE NW S/B,True,14.4,CONNECTICUT AVE NW,S,False,25,25,False
ATE 0260,Speed,Live,400 BLK RHODE ISLAND AVE NW E/B,True,14.2,RHODE ISLAND AVE NW,E,False,25,25,False
ATE 0357,Speed,Live,600 BLK NEW YORK AVE NE E/B,True,14.2,NEW YORK AVE NE,E,False,35,35,False
ATE 0144,Speed,Live,2200 BLK SOUTH DAKOTA AVE NE SE/B,True,14.1,SOUTH DAKOTA AVE NE,SE,False,25,20,False
ATE 0879,Red Light,Configuration,New York Ave w/b @ Montana Ave NE,True,14.0,NEW YORK AVE NE,W,False,35,35,False
ATE 0804,Red Light,Live,Benning Rd e/b @ 34 St NE,True,13.8,BENNING RD NE,E,False,35,35,False
ATE 0809,Speed,Live,100 blk Rhode Island Ave NE ne/b,True,13.8,RHODE ISLAND AVE NE,NE,False,30,20,False
ATE 0586,Red Light,Live,BLADENSBURG RD S/B @ 17TH ST NE,True,13.7,BLADENSBURG RD NE,S,False,30,30,False
ATE 0828,Speed,Live,1100 blk  Brentwood  Rd NE n/b,True,13.6,BRENTWOOD RD NE,N,False,25,25,False
ATE 0408,Red Light,Live,CONSTITUTION AVE W/B @ 15TH ST NW,True,13.5,CONSTITUTION AVE NW,W,False,30,20,False
ATE 0345,Speed,Live,5800 BLK NEW HAMPSHIRE AVE NE SW/B,True,13.3,NEW HAMPSHIRE AVE NE,SW,False,25,30,False
ATE 0317,Speed,Live,4900 BLK 16TH ST NW N/B,True,13.2,16TH ST NW,N,False,25,30,False
ATE 0561,Speed,Live,UNIT BLK H ST NW W/B,True,13.2,H ST NW,W,False,25,20,False
ATE 0532,Speed,Live,2500 BLK PENNSYLVANIA AVE SE SE/B,True,13.1,PENNSYLVANIA AVE SE,SE,False,25,30,False
ATE 0199,Speed,Live,3000 BLK N CAPITOL ST NW S/B,True,13.0,NORTH CAPITOL ST BN,S,False,40,,False
ATE 0559,Speed,Live,3300 BLK MINNESOTA AVE SE N/B,True,12.9,MINNESOTA AVE SE,N,False,25,20,False
ATE 0479,Red Light,Live,NEW YORK AVE W/B @ FLORIDA AVE NE,True,12.9,NEW YORK AVE NE,W,False,30,35,False
ATE 0551,Speed,Live,2700 BLK BLADENSBURG RD NE N/B,True,12.8,BLADENSBURG RD NE,N,False,25,30,False
ATE 0444,Red Light,Live,I-695 OFF RAMP E/B @ 11TH ST SE,True,12.8,INTERSTATE 695 I BN,E,False,35,,False
ATE 0150,Speed,Live,2300 BLK MARION BARRY AVE SE NW/B,True,12.7,MARION BARRY AVE SE,NW,False,25,,False
ATE 0343,Speed,Live,5700 BLK MACARTHUR BLVD NW N/B,True,12.7,MACARTHUR BLVD NW,N,False,25,25,False
ATE 0817,Red Light,Live,S Capitol St SW/B @ MLK Jr Ave SE,True,12.5,SOUTH CAPITOL ST BN,SW,False,35,,False
ATE 0447,Red Light,Live,INDEPENDENCE AVE E/B @ 3RD ST SW,True,12.5,INDEPENDENCE AVE SW,E,False,30,20,False
ATE 0127,Speed,Live,200 BLK RIGGS RD NE E/B,True,12.5,RIGGS RD NE,E,False,25,25,False
ATE 0554,Speed,Live,1500 BLK NEW YORK AVE NE SW/B,True,12.4,NEW YORK AVE NE,SW,False,35,35,False
ATE 0855,Stop Sign,Live,27th Street n/b @ Minnesota Ave SE,True,12.2,27TH ST SE,N,False,20,,False
ATE 0549,Speed,Live,800 BLK BLADENSBURG RD NE N/B,True,12.2,BLADENSBURG RD NE,N,False,25,20,False
ATE 0706,Speed,Live,1100 BLK BLADENSBURG RD NE SW/B,True,12.2,BLADENSBURG RD NE,SW,False,25,25,False
ATE 0833,Speed,Live,5500 blk S Dakota Ave NE se/b,True,12.1,SOUTH DAKOTA AVE NE,SE,False,25,25,False
ATE 0701,Red Light,Live,RHODE ISLAND AVE SW/B @ REED ST NE,True,12.1,RHODE ISLAND AVE NE,SW,False,30,30,False
ATE 0856,Stop Sign,Live,Fessenden St e/b @ 38th St NW,True,12.0,FESSENDEN ST NW,E,False,20,20,False
ATE 0022,Speed,Live,1100 BLK NORTH CAPITOL ST NE N/B,True,12.0,NORTH CAPITOL ST BN,N,False,25,,False
ATE 0818,Red Light,Live,Massachusetts Ave e/b @ 9th St NW,True,12.0,MASSACHUSETTS AVE NW,E,False,25,20,False
ATE 0814,Red Light,Live,Rhode Island Ave ne/b @ Montana Ave NE,True,12.0,RHODE ISLAND AVE NE,NE,False,30,30,False
ATE 0536,Speed,Live,3900 BLK MINNESOTA AVE NE SW/B,True,11.9,MINNESOTA AVE NE,SW,False,25,25,False
ATE 0308,Speed,Live,4800 BLK BENNING RD SE NW/B,True,11.9,BENNING RD SE,NW,False,30,20,False
ATE 0849,Speed,Live,1800 BLK NEW YORK AVE NE W/B,True,11.8,NEW YORK AVE NE,W,False,35,35,False
ATE 0826,Speed,Live,5100 blk 11Th St SE se/b,True,11.8,11TH ST SE,SE,False,25,30,False
ATE 0042,Speed,Live,1300 BLK MISSOURI AVE NW E/B,True,11.8,MISSOURI AVE NW,E,False,30,30,False
ATE 0539,Speed,Live,4100 BLK MINNESOTA AVE NE SW/B,True,11.7,MINNESOTA AVE NE,SW,False,25,25,False
ATE 0291,Speed,Live,4500 BLK BENNING RD SE SE/B,True,11.7,BENNING RD SE,SE,False,25,20,False
ATE 0593,Red Light,Live,NEW YORK AVE SW/B @ N CAPITOL ST NE,True,11.5,NEW YORK AVE NE,SW,False,25,20,False
ATE 0183,Speed,Live,2800 BLK N CAPITOL ST NW S/B,True,11.4,NORTH CAPITOL ST BN,S,False,25,,False
ATE 0338,Speed,Live,5500 BLK NORTH CAPITOL ST NW S/B,True,11.4,NORTH CAPITOL ST BN,S,False,25,,False
ATE 0605,Red Light,Live,N CAPITOL ST N/B @ HAREWOOD RD NE,True,11.2,NORTH CAPITOL ST BN,N,False,40,,False
ATE 0597,Red Light,Live,BLADENSBURG RD N/B @ NY AVE NE,True,11.1,BLADENSBURG RD NE,N,False,30,30,False
ATE 0552,Speed,Live,2700 BLK BLADENSBURG RD NE S/B,True,11.1,BLADENSBURG RD NE,S,False,25,30,False
ATE 0850,Speed,Live,3200 BLK WISCONSIN AVE NW N/B,True,11.1,WISCONSIN AVE NW,N,False,25,30,False
ATE 0865,Speed,Live,300 blk Florida Ave NE w/b,True,11.1,FLORIDA AVE NE,W,False,25,20,False
ATE 0484,Red Light,Live,NEW YORK AVE W/B @ 4TH ST NW,True,11.1,NEW YORK AVE NW,W,False,25,30,False
ATE 0209,Speed,Live,3300 BLK CONNECTICUT AVE NW S/B,True,11.0,CONNECTICUT AVE NW,S,False,25,30,False
ATE 0596,Red Light,Live,14TH ST S/B @ U ST NW,True,11.0,14TH ST NW,S,False,25,20,False
ATE 0111,Speed,Live,1900 BLK INDEPENDENCE AVE SE E/B,True,10.9,INDEPENDENCE AVE SE,E,False,25,25,False
ATE 0607,Red Light,Live,N CAPITOL ST S/B @ GALLATIN ST NW,True,10.9,NORTH CAPITOL ST BN,S,False,30,,False
ATE 0883,Speed,Warning,2000 blk 14th St NW s/b,True,10.9,14TH ST NW,S,False,25,20,False
ATE 0891,Speed,Configuration,1400 blk 7th St NW n/b,True,10.9,7TH ST NW,N,False,25,20,False
ATE 0548,Speed,Live,1700 BLK RHODE ISLAND AVE NW W/B,True,10.9,RHODE ISLAND AVE NW,W,False,25,20,False
ATE 0171,Speed,Live,2600 BLK GEORGIA AVE NW N/B,True,10.9,GEORGIA AVE NW,N,False,25,30,False
ATE 0870,Speed,Warning,2800 blk Sherman Ave NW s/b,True,10.8,SHERMAN AVE NW,S,False,20,25,False
ATE 0588,Red Light,Live,SOUTHEAST BLVD W/B @ 11TH ST SE,True,10.8,SOUTHEAST BLVD SE,W,False,30,,False
ATE 0478,Speed,Live,NEW YORK AVE SW/B @ N CAPITOL ST NE,True,10.8,NEW YORK AVE NE,SW,False,25,20,False
ATE 0703,Red Light,Live,WISCONSIN AVE N/B @ BRANDYWINE NW,True,10.7,WISCONSIN AVE NW,N,False,30,30,False
ATE 0599,Red Light,Live,CONNECTICUT AVE N/B @ MILITARY NW,True,10.7,CONNECTICUT AVE NW,N,False,30,30,False
ATE 0124,Speed,Live,200 BLK NEW YORK AVE NW E/B,True,10.7,NEW YORK AVE NW,E,False,25,30,False
ATE 0360,Speed,Live,600 BLK NEW YORK AVE NE W/B,True,10.7,NEW YORK AVE NE,W,False,35,35,False
ATE 0244,Stop Sign,Live,37TH ST S/B @ WHITEHAVEN PKWY NW,True,10.5,37TH ST NW,S,False,25,20,False
ATE 0311,Speed,Live,4800 BLK CONNECTICUT AVE NW S/B,True,10.5,CONNECTICUT AVE NW,S,False,25,30,False
ATE 0369,Speed,Live,6600 BLK BLAIR RD NW S/B,True,10.5,BLAIR RD NW,S,False,25,20,False
ATE 0538,Speed,Live,4100 BLK MINNESOTA AVE NE NE/B,True,10.4,MINNESOTA AVE NE,NE,False,25,25,False
ATE 0595,Red Light,Live,14TH ST N/B @ K ST NW,True,10.4,14TH ST NW,N,False,25,25,False
ATE 0320,Speed,Live,4900 BLK GEORGIA AVE NW S/B,True,10.3,GEORGIA AVE NW,S,False,25,30,False
ATE 0054,Speed,Live,1400 BLK BLADENSBURG RD NE S/B,True,10.1,BLADENSBURG RD NE,S,False,25,30,False
ATE 0584,Speed,Live,3700 BLK ALABAMA AVE SE SW/B,True,10.1,ALABAMA AVE SE,SW,False,25,25,False
ATE 0820,Red Light,Live,Southern Ave ne/b @ Wheeler Rd SE,True,10.1,SOUTHERN AVE SE,NE,False,30,30,False
ATE 0290,Speed,Live,4400 BLK TEXAS AVE SE N/B,True,10.0,TEXAS AVE SE,N,False,20,25,False
ATE 0492,Speed,Live,POTOMAC RIVER FWY NW/B @ 25TH ST NW,True,10.0,INTERSTATE 66   BN,NW,False,40,,False
ATE 0578,Speed,Live,1800 BLK 14TH ST NW N/B,True,10.0,14TH ST NW,N,False,25,20,False
ATE 0553,Speed,Live,1500 BLK NEW YORK AVE NE NE/B,True,9.9,NEW YORK AVE NE,NE,False,35,35,False
ATE 0857,Stop Sign,Live,K St w/b @ 7th St NW,True,9.8,K ST NW,W,False,20,20,False
ATE 0336,Speed,Live,5500 BLK CONNECTICUT AVE NW S/B,True,9.8,CONNECTICUT AVE NW,S,False,25,30,False
ATE 0545,Speed,Live,5900 BLK SOUTHERN AVE SE NE/B,True,9.7,SOUTHERN AVE SE,NE,False,25,25,False
ATE 0253,Speed,Live,3900 BLK SOUTHERN AVE SE NE/B,True,9.6,SOUTHERN AVE SE,NE,False,25,25,False
ATE 0603,Red Light,Live,GEORGIA AVE S/B @ MISSOURI AVE NW,True,9.6,GEORGIA AVE NW,S,False,30,30,False
ATE 0406,Red Light,Live,CONNECTICUT AVE S/B @ NEBRASKA AVE NW,True,9.5,CONNECTICUT AVE NW,S,False,30,30,False
ATE 0304,Speed,Live,4700 BLK RESERVOIR RD NW SE/B,True,9.4,RESERVOIR RD NW,SE,False,25,25,False
ATE 0375,Speed,Live,700 BLK N CAPITOL ST NE N/B,True,9.4,NORTH CAPITOL ST BN,N,False,25,,False
ATE 0836,Speed,Live,1200 blk New Jersey Ave NW s/b,True,9.3,NEW JERSEY AVE NW,S,False,25,20,False
ATE 0418,Speed,Live,DC295 SW 0.05 MILE S/O EXIT 1 N/B,True,9.3,INTERSTATE 295 I BN,N,False,50,,False
ATE 0008,Speed,Live,100 BLK MICHIGAN AVE NW E/B,True,9.3,MICHIGAN AVE NW,E,False,25,25,False
ATE 0217,Speed,Live,3400 BLK MLK JR. AVE SE SW/B,True,9.2,MARTIN LUTHER KING JR AVE SE,SW,False,25,25,False
ATE 0159,Speed,Live,2400 BLK WISCONSIN AVE NW S/B,True,9.2,WISCONSIN AVE NW,S,False,25,25,False
ATE 0403,Red Light,Live,CONNECTICUT AVE N/B @ CALVERT ST NW,True,9.1,CONNECTICUT AVE NW,N,False,25,25,False
ATE 0166,Speed,Live,2500 BLK NORTH CAPITOL ST NE N/B,True,9.1,NORTH CAPITOL ST BN,N,False,25,,False
ATE 0333,Speed,Live,5300 BLK EASTERN AVE NE SE/B,True,9.0,EASTERN AVE NE,SE,False,25,20,False
ATE 0356,Speed,Live,600 BLK MISSOURI AVE NW SE/B,True,8.9,MISSOURI AVE NW,SE,False,25,25,False
ATE 0079,Speed,Live,1500 BLK U ST NW E/B,True,8.9,U ST NW,E,False,25,25,False
ATE 0327,Speed,Live,5000 BLK SOUTHERN AVE SE SW/B,True,8.8,SOUTHERN AVE SE,SW,False,25,25,False
ATE 0873,Stop Sign,Live,V St w/b @ 8th St NW,True,8.7,V ST NW,W,False,25,20,False
ATE 0528,Speed,Live,1200 BLK BRANCH AVE SE N/B,True,8.6,BRANCH AVE SE,N,False,25,25,False
ATE 0848,Speed,Live,1900 BLK NEW YORK AVE NE E/B,True,8.6,NEW YORK AVE NE,E,False,35,35,False
ATE 0513,Speed,Live,UNIT BLK FLORIDA AVE NW SE/B,True,8.6,FLORIDA AVE NW,SE,False,25,25,False
ATE 0176,Speed,Live,2600 BLK WISCONSIN AVE NW S/B,True,8.6,WISCONSIN AVE NW,S,False,25,25,False
ATE 0522,Speed,Live,3600 BLK 34TH ST NW S/B,True,8.6,34TH ST NW,S,False,25,25,False
ATE 0606,Red Light,Live,N CAPITOL ST N/B @ RIGGS RD NE,True,8.6,NORTH CAPITOL ST BN,N,False,50,,False
ATE 0241,Speed,Live,3700 BLK SOUTHERN AVE SE SW/B,True,8.5,SOUTHERN AVE SE,SW,False,25,25,False
ATE 0341,Speed,Live,5700 BLK GEORGIA AVE NW S/B,True,8.5,GEORGIA AVE NW,S,False,25,30,False
ATE 0452,Stop Sign,Live,KANSAS AVE NE/B @ BUCHANAN ST NW,True,8.5,KANSAS AVE NW,NE,False,30,25,False
ATE 0179,Stop Sign,Live,27TH ST N/B @ R ST SE,True,8.4,27TH ST SE,N,False,20,20,False
ATE 0516,Speed,Live,UNIT BLK RIGGS RD NE NE/B,True,8.4,RIGGS RD NE,NE,False,25,20,False
ATE 0313,Speed,Live,4800 BLK S DAKOTA AVE NE NW/B,True,8.4,SOUTH DAKOTA AVE NE,NW,False,25,25,False
ATE 0200,Speed,Live,3000 BLK PENNSYLVANIA AVE SE NW/B,True,8.3,PENNSYLVANIA AVE SE,NW,False,25,30,False
ATE 0038,Speed,Live,1300 BLK EASTERN AVE NE NW/B,True,8.3,EASTERN AVE NE,NW,False,25,25,False
ATE 0087,Red Light,Live,16TH ST N/B @ OAK ST NW,True,8.3,16TH ST NW,N,False,30,25,False
ATE 0542,Speed,Live,4600 BLK SOUTH CAPITOL ST SW S/B,True,8.3,SOUTH CAPITOL ST BN,S,False,30,,False
ATE 0579,Speed,Live,1800 BLK 14TH ST NW S/B,True,8.2,14TH ST NW,S,False,25,20,False
ATE 0894,Speed,Configuration,900 blk Southern Ave SE sw/b,True,8.2,SOUTHERN AVE SE,SW,False,30,30,False
ATE 0600,Red Light,Live,CONNECTICUT AVE S/B @ PORTER ST NW,True,8.2,CONNECTICUT AVE NW,S,False,30,30,False
ATE 0604,Red Light,Live,K ST W/B @ 25TH ST NW,True,8.2,K ST NW,W,False,25,20,False
ATE 0089,Speed,Live,16TH ST S/B @ COLORADO AVE NW,True,8.2,16TH ST NW,S,False,25,30,False
ATE 0591,Red Light,Live,16TH ST S/B @ COLORADO AVE NW,True,8.2,16TH ST NW,S,False,30,30,False
ATE 0161,Speed,Live,2500 BLK FIRTH STERLING AVE SE W/B,True,8.2,FIRTH STERLING AVE SE,W,False,25,20,False
ATE 0158,Speed,Live,2400 BLK WISCONSIN AVE NW N/B,True,8.1,WISCONSIN AVE NW,N,False,25,25,False
ATE 0784,Red Light,Live,16TH ST S/B @ IRVING ST NW,True,8.1,16TH ST NW,S,False,20,30,False
ATE 0148,Speed,Live,2300 BLK ALABAMA AVE SE SW/B,True,7.9,ALABAMA AVE SE,SW,False,25,25,False
ATE 0813,Red Light,Live,M St w/b @ Wisconsin Ave NW,True,7.9,M ST NW,W,False,25,20,False
ATE 0094,Speed,Live,1700 BLK N CAPITOL ST NE N/B,True,7.9,NORTH CAPITOL ST BN,N,False,25,,False
ATE 0523,Speed,Live,5600 BLK NORTH CAPITOL ST NE N/B,True,7.9,NORTH CAPITOL ST BN,N,False,25,,False
ATE 0238,Speed,Live,3700 BLK MINNESOTA AVE NE NE/B,True,7.8,MINNESOTA AVE NE,NE,False,25,25,False
ATE 0547,Speed,Live,2300 BLK M ST NW W/B,True,7.8,M ST NW,W,False,25,25,False
ATE 0821,Red Light,Live,Stanton Rd s/b @ Alabama Ave SE,True,7.8,STANTON RD SE,S,False,20,20,False
ATE 0323,Stop Sign,Live,49TH ST S/B @ BLAINE ST NE,True,7.7,49TH ST NE,S,False,25,20,False
ATE 0555,Red Light,Live,MT. OLIVET RD SE/B @ W. VIRGINIA AVE NE,True,7.7,MOUNT OLIVET RD NE,SE,False,25,25,False
ATE 0893,Speed,Configuration,2400 blk Alabama Ave SE n/b,True,7.7,ALABAMA AVE SE,N,False,25,20,False
ATE 0582,Speed,Live,6200 BLK WESTERN AVE NW NE/B,True,7.7,WESTERN AVE NW,NE,False,25,25,False
ATE 0598,Red Light,Live,BRANCH AVE N/B @ ALABAMA AVE SE,True,7.6,BRANCH AVE SE,N,False,25,25,False
ATE 0383,Speed,Live,800 BLK RIDGE RD  SE NW/B,True,7.6,RIDGE RD SE,NW,False,25,25,False
ATE 0847,Speed,Live,1000 BLK 7TH St NW S/B,True,7.6,7TH ST NW,S,False,25,20,False
ATE 0037,Speed,Live,1300 BLK 9TH ST NW S/B,True,7.6,9TH ST NW,S,False,25,25,False
ATE 0845,Red Light,Warning,Rhode Island Ave sw/b @ N Capitol St NE,True,7.5,RHODE ISLAND AVE NE,SW,False,25,20,False
ATE 0173,Speed,Live,2600 BLK LINCOLN RD NE N/B,True,7.5,LINCOLN RD NE,N,False,25,25,False
ATE 0816,Speed,Live,2700 BLK MLK JR AVE SE N/B,True,7.5,MARTIN LUTHER KING JR AVE SE,N,False,25,30,False
ATE 0125,Speed,Live,200 BLK RHODE ISLAND AVE NW E/B,True,7.5,RHODE ISLAND AVE NW,E,False,25,25,False
ATE 0853,Speed,Live,4500 BLK E CAPITOL ST NE W/B,True,7.4,EAST CAPITOL ST BN,W,False,30,,False
ATE 0218,Speed,Live,3400 BLK WHEELER ROAD SE S/B,True,7.4,WHEELER RD SE,S,False,25,20,False
ATE 0832,Speed,Live,4600 blk Connecticut Ave NW s/b,True,7.4,CONNECTICUT AVE NW,S,False,25,30,False
ATE 0335,Speed,Live,5400 BLK S DAKOTA AVE NE NW/B,True,7.4,SOUTH DAKOTA AVE NE,NW,False,25,25,False
ATE 0303,Speed,Live,4700 blk MacArthur Blvd NW s/b,True,7.3,MACARTHUR BLVD NW,S,False,25,20,False
ATE 0890,Red Light,Configuration,Eckington Pl s/b @ Florida Ave NE,True,7.3,ECKINGTON PL NE,S,False,25,20,False
ATE 0829,Speed,Live,5300 blk Nebraska  Ave NW sw/b,True,7.3,NEBRASKA AVE NW,SW,False,25,30,False
ATE 0012,Speed,Live,1000 BLK U ST NW E/B,True,7.3,U ST NW,E,False,25,20,False
ATE 0140,Speed,Live,2200 BLK GEORGIA AVE NW S/B,True,7.3,GEORGIA AVE NW,S,False,25,25,False
ATE 0387,Stop Sign,Live,9TH ST SE/B @ BARNABY ST SE,True,7.3,9TH ST SE,SE,False,20,20,False
ATE 0460,Stop Sign,Live,MASSACHUSETTS AVE E/B @ FORT DAVIS,True,7.2,MASSACHUSETTS AVE SE,E,False,25,25,False
ATE 0757,Red Light,Live,K ST E/B @ 27TH ST NW,True,7.2,K ST NW,E,False,25,20,False
ATE 0874,Speed,Live,4200 blk Reno Rd NW se/b,True,7.1,RENO RD NW,SE,False,25,25,False
ATE 0309,Speed,Live,4800 BLK BENNING RD SE SE/B,True,7.1,BENNING RD SE,SE,False,30,20,False
ATE 0526,Speed,Live,1000 BLK NEW JERSEY AVE NW N/B,True,7.1,NEW JERSEY AVE NW,N,False,25,20,False
ATE 0207,Speed,Live,3200 BLK ALABAMA AVE SE W/B,True,7.0,ALABAMA AVE SE,W,False,25,25,False
ATE 0106,Speed,Live,1900 BLK BRANCH AVE SE N/B,True,7.0,BRANCH AVE SE,N,False,25,25,False
ATE 0381,Speed,Live,800 BLK EASTERN AVE NE E/B,True,7.0,EASTERN AVE NE,E,False,25,25,False
ATE 0050,Stop Sign,Live,13TH ST N/B @ QUINCY ST NW,True,7.0,13TH ST NW,N,False,25,25,False
ATE 0580,Speed,Live,1500 BLK 7TH ST NW N/B,True,7.0,7TH ST NW,N,False,25,20,False
ATE 0835,Speed,Live,4000 blk MLK Jr Ave SW sw/b,True,7.0,MARTIN LUTHER KING JR AVE SW,SW,False,25,,False
ATE 0541,Speed,Live,4500 BLK SOUTH CAPITOL ST SE N/B,True,7.0,SOUTH CAPITOL ST BN,N,False,25,,False
ATE 0581,Speed,Live,1500 BLK 7TH ST NW S/B,True,6.9,7TH ST NW,S,False,25,20,False
ATE 0324,Stop Sign,Live,4TH ST N/B @ CHESAPEAKE ST SE,True,6.9,4TH ST SE,N,False,25,25,False
ATE 0035,Stop Sign,Live,12TH ST N/B @ OTIS ST NE,True,6.9,12TH ST NE,N,False,25,25,False
ATE 0527,Speed,Live,1000 BLK EASTERN AVE NE SE/B,True,6.8,EASTERN AVE NE,SE,False,25,25,False
ATE 0257,Speed,Live,3RD ST TUNNEL NW S/B BY 3RD ST,True,6.8,INTERSTATE 395   BN,S,False,45,,False
ATE 0164,Speed,Live,2500 BLK MARTIN LUTHER KING AVE SE n/b,True,6.8,MARTIN LUTHER KING JR AVE SE,N,False,25,25,False
ATE 0455,Stop Sign,Live,LONGFELLOW ST W/B @ MISSOURI AVE NW,True,6.7,LONGFELLOW ST NW,W,False,20,20,False
ATE 0186,Speed,Live,2900 BLK ARIZONA AVE NW S/B,True,6.7,ARIZONA AVE NW,S,False,25,25,False
ATE 0807,Speed,Live,3000 blk Wisconsin Ave NW n/b,True,6.7,WISCONSIN AVE NW,N,False,25,25,False
ATE 0456,Red Light,Live,M ST W/B @ WHITEHURST FRWY NW,True,6.7,M ST NW,W,False,25,20,False
ATE 0204,Speed,Live,3100 BLK ALABAMA AVE SE NE/B,True,6.6,ALABAMA AVE SE,NE,False,25,25,False
ATE 0602,Red Light,Live,E CAPITOL ST W/B @ BENNING RD NE,True,6.6,EAST CAPITOL ST BN,W,False,30,,False
ATE 0886,Speed,Test,Unit blk H St NW e/b,True,6.6,H ST NW,E,False,25,20,False
ATE 0053,Stop Sign,Live,13TH ST S/B @ RANDOLPH ST NW,True,6.6,13TH ST NW,S,False,25,25,False
ATE 0064,Speed,Live,1400 BLK SOUTHERN AVE SE SW/B,True,6.5,SOUTHERN AVE SE,SW,False,25,30,False
ATE 0129,Speed,Live,2000 BLK BRANCH AVE SE S/B,True,6.5,BRANCH AVE SE,S,False,25,25,False
ATE 0137,Speed,Live,2200 BLK BRANCH AVE SE N/B,True,6.5,BRANCH AVE SE,N,False,25,25,False
ATE 0138,Speed,Live,2200 BLK BRANCH AVE SE S/B,True,6.5,BRANCH AVE SE,S,False,25,25,False
ATE 0278,Speed,Live,4200 BLK SOUTHERN AVE SE NE/B,True,6.5,SOUTHERN AVE SE,NE,False,25,25,False
ATE 0785,Speed,Live,4200 BLK SOUTHERN AVE SE SW/B,True,6.5,SOUTHERN AVE SE,SW,False,25,25,False
ATE 0854,Speed,Live,400 blk Southern Ave SE sw/b,True,6.5,SOUTHERN AVE SE,SW,False,30,30,False
ATE 0160,Speed,Live,2500 BLK BENNING RD NE SE/B,True,6.5,BENNING RD NE,SE,False,30,30,False
ATE 0459,Stop Sign,Live,MALCOLM X AVE W/B @ 7TH ST SE,True,6.5,MALCOLM X AVE SE,W,False,30,30,False
ATE 0113,Speed,Live,1900 BLK SOUTHERN AVE SE NE/B,True,6.4,SOUTHERN AVE SE,NE,False,30,30,False
ATE 0830,Stop Sign,Live,55th St s/b @ Eads St NE,True,6.4,55TH ST NE,S,False,25,20,False
ATE 0868,Stop Sign,Live,Stanton Rd w/b @ Sheridan Rd SE,True,6.4,STANTON RD SE,W,False,20,20,False
ATE 0211,Speed,Live,3300 BLK MINNESOTA AVE SE S/B,True,6.3,MINNESOTA AVE SE,S,False,25,20,False
ATE 0877,Red Light,Configuration,Georgia Ave s/b @ Florida Ave NW,True,6.3,GEORGIA AVE NW,S,False,25,25,False
ATE 0049,Stop Sign,Live,13TH ST N/B @ LONGFELLOW ST NW,True,6.3,13TH ST NW,N,False,25,25,False
ATE 0052,Stop Sign,Live,13TH ST S/B @ MADISON ST NW,True,6.3,13TH ST NW,S,False,25,25,False
ATE 0530,Speed,Live,1600 BLK EASTERN AVE NE NW/B,True,6.2,EASTERN AVE NE,NW,False,25,25,False
ATE 0892,Speed,Configuration,3500 blk Minnesota Ave SE sw/b,True,6.2,MINNESOTA AVE SE,SW,False,25,20,False
ATE 0393,Stop Sign,Live,BLAGDEN AVE NE/B @ ALLISON ST NW,True,6.2,BLAGDEN AVE NW,NE,False,25,25,False
ATE 0067,Stop Sign,Live,14TH ST N/B @ FORT STEVENS DR NW,True,6.2,14TH ST NW,N,False,25,25,False
ATE 0824,Speed,Live,3800 blk Eastern Ave NE nw/b,True,6.0,EASTERN AVE NE,NW,False,25,25,False
ATE 0839,Speed,Live,700 blk Ridge Rd SE se/b,True,6.0,RIDGE RD SE,SE,False,25,25,False
ATE 0326,Speed,Live,5000 BLK SHERIFF ROAD NE W/B,True,6.0,SHERIFF RD NE,W,False,25,25,False
ATE 0117,Stop Sign,Live,1ST ST S/B @ N ST NW,True,6.0,1ST ST NW,S,False,25,20,False
ATE 0525,Speed,Live,5100 BLK S DAKOTA AVE NE SE/B,True,6.0,SOUTH DAKOTA AVE NE,SE,False,25,25,False
ATE 0505,Stop Sign,Live,STANTON RD S/B @ ELVANS RD SE,True,6.0,STANTON RD SE,S,False,25,20,False
ATE 0531,Speed,Live,1600 BLK EASTERN AVE NE SE/B,True,5.9,EASTERN AVE NE,SE,False,25,25,False
ATE 0285,Speed,Live,4300 BLK TEXAS AVE SE S/B,True,5.9,TEXAS AVE SE,S,False,20,25,False
ATE 0284,Speed,Live,4300 BLK SOUTH CAPITOL ST SW S/B,True,5.9,SOUTH CAPITOL ST BN,S,False,30,,False
ATE 0141,Speed,Live,2200 BLK IRVING ST SE W/B,True,5.7,IRVING ST SE,W,False,20,20,False
ATE 0070,Stop Sign,Live,14TH ST N/B @ TAYLOR ST NE,True,5.7,14TH ST NE,N,False,25,25,False
ATE 0707,Speed,Live,3600 BLK ALABAMA AVE SE NE/B,True,5.7,ALABAMA AVE SE,NE,False,25,25,False
ATE 0887,Speed,Test,1700 blk Benning Rd NE e/b,True,5.7,BENNING RD NE,E,False,30,30,False
ATE 0352,Speed,Live,600 BLK KENILWORTH AVE NE S/B,True,5.6,KENILWORTH AVE NE,S,False,25,,False
ATE 0300,Speed,Live,4600 BLK TEXAS AVE SE N/B,True,5.6,TEXAS AVE SE,N,False,20,25,False
ATE 0556,Speed,Live,1600 BLK RHODE ISLAND AVE NE SW/B,True,5.5,RHODE ISLAND AVE NE,SW,False,25,30,False
ATE 0843,Speed,Live,600 blk Ridge Rd SE nw/b,True,5.4,RIDGE RD SE,NW,False,25,25,False
ATE 0608,Red Light,Live,NEBRASKA AVE NE/B @ FESSENDEN ST NW,True,5.3,NEBRASKA AVE NW,NE,False,30,30,False
ATE 0040,Speed,Live,1300 BLK H ST NE E/B,True,5.3,H ST NE,E,False,25,25,False
ATE 0840,Speed,Live,1600 blk Monroe St NE w/b,True,5.3,MONROE ST NE,W,False,25,25,False
ATE 0413,Speed,Live,DC295 .7 MILES S/O EASTERN AVE NE S/b,True,5.2,KENILWORTH AVE NE,S,False,50,,False
ATE 0116,Stop Sign,Live,19TH ST S/B @ S ST NW,True,5.2,19TH ST NW,S,False,25,20,False
ATE 0168,Speed,Live,2500 BLK SHERIDAN ROAD SE N/B,True,5.2,SHERIDAN RD SE,N,False,20,20,False
ATE 0147,Speed,Warning,2300 BLK ALABAMA AVE SE NE/B,True,5.1,ALABAMA AVE SE,NE,False,20,25,False
ATE 0057,Speed,Live,1400 BLK KENILWORTH AVE NE S/B,True,5.1,KENILWORTH AVE NE,S,False,25,,False
ATE 0590,Speed,Live,5400 BLK GEORGIA AVE NW N/B,True,5.0,GEORGIA AVE NW,N,False,25,30,False
ATE 0823,Speed,Live,3800 blk Eastern Ave NE se/b,True,4.9,EASTERN AVE NE,SE,False,25,25,False
ATE 0844,Speed,Live,1300 blk H St NE w/b,True,4.9,H ST NE,W,False,25,25,False
ATE 0801,Stop Sign,Live,MILITARY RD E/B @ 43rd ST NW,True,4.9,MILITARY RD NW,E,False,25,25,False
ATE 0206,Speed,Live,3100 BLK S DAKOTA AVE NE SE/B,True,4.8,SOUTH DAKOTA AVE NE,SE,False,25,25,False
ATE 0416,Speed,Live,DC295 NE AT BENNING RD EXIT N/B,True,4.6,KENILWORTH AVE NE,N,False,50,50,False
ATE 0256,Speed,Live,3RD ST TUNNEL NW N/B BY MA AVE,True,4.6,INTERSTATE 395   BN,N,False,45,,False
ATE 0573,Stop Sign,Live,KENILWORTH TERR NE/B @ JAY ST NE,True,4.5,KENILWORTH TER NE,NE,False,25,20,False
ATE 0859,Stop Sign,Live,18th St s/b @ Marion Barry Ave SE,True,4.5,18TH ST SE,S,False,20,20,False
ATE 0846,Speed,Live,700 BLK ALLEN Y LEW PL NW E/B,True,4.4,ALLEN Y LEW PL NW,E,False,25,20,False
ATE 0831,Speed,Live,4600 blk Connecticut Ave NW n/b,True,4.4,CONNECTICUT AVE NW,N,False,25,30,False
ATE 0083,Speed,Live,1600 BLK MICHIGAN AVE NE W/B,True,4.4,MICHIGAN AVE NE,W,False,25,25,False
ATE 0170,Speed,Live,2500 BLK SOUTHERN AVE SE NE/B,True,4.2,SOUTHERN AVE SE,NE,False,30,30,False
ATE 0863,Speed,Live,3400 blk Benning Rd NE e/b,True,4.2,BENNING RD NE,E,False,35,35,False
ATE 0852,Speed,Live,4100 BLK WISCONSIN AVE NW S/B,True,4.1,WISCONSIN AVE NW,S,False,25,25,False
ATE 0882,Stop Sign,Configuration,Wisconsin Ave s/b @ Water St NW,True,4.1,WISCONSIN AVE NW,S,False,25,20,False
ATE 0359,Speed,Live,600 BLK NEW YORK AVE NW W/B,True,4.1,NEW YORK AVE NW,W,False,25,25,False
ATE 0888,Speed,Configuration,3900 blk Minnesota Ave NE n/b,True,3.7,MINNESOTA AVE NE,N,False,25,25,False
ATE 0576,Speed,Live,2400 BLK 14TH ST NW N/B,True,3.7,14TH ST NW,N,False,25,20,False
ATE 0815,Speed,Live,2600 BLK MLK JR AVE SE S/B,True,3.5,MARTIN LUTHER KING JR AVE SE,S,False,25,25,False
ATE 0878,Red Light,Configuration,Columbia Rd w/b @ 16th St NW,True,3.4,COLUMBIA RD NW,W,False,25,25,False
ATE 0560,Speed,Warning,1400 BLK MORRIS RD SE SE/B,True,3.2,MORRIS RD SE,SE,False,20,25,False
ATE 0834,Speed,Live,4500 blk Texas Ave SE s/b,True,3.1,TEXAS AVE SE,S,False,20,25,False
ATE 0297,Speed,Live,4600 BLK MASSACHUSETTS AVE NW NW/B,True,3.1,MASSACHUSETTS AVE NW,NW,False,25,30,False
ATE 0363,Speed,Live,600 BLK SOUTHERN AVE SE NE/B,True,3.1,SOUTHERN AVE SE,NE,False,30,30,False
ATE 0283,Speed,Live,4300 BLK RESERVOIR RD NW E/B,True,3.0,RESERVOIR RD NW,E,False,25,25,False
ATE 0861,Red Light,Test,Malcolm X Ave e/b @ MLK Jr Ave SE,True,2.9,MALCOLM X AVE SE,E,False,25,30,False
ATE 0889,Speed,Test,1100 blk U St NW w/b,True,2.9,U ST NW,W,False,25,20,False
ATE 0187,Speed,Live,2900 BLK MILITARY RD NW E/B,True,2.9,MILITARY RD NW,E,False,25,25,False
ATE 0822,Red Light,Live,RI Ave e/b @ N Capitol St NW,True,2.7,RHODE ISLAND AVE NW,E,False,25,25,False
ATE 0175,Speed,Live,2600 BLK WISCONSIN AVE NW N/B,True,2.4,WISCONSIN AVE NW,N,False,25,25,False
ATE 0589,Speed,Live,500 BLK MASSACHUSETTS AVE NW E/B,True,2.4,MASSACHUSETTS AVE NW,E,False,25,20,False
ATE 0881,Stop Sign,Configuration,Elvans Rd w/b @ Stanton Rd SE,True,2.3,ELVANS RD SE,W,False,20,20,False
ATE 0329,Speed,Live,5100 BLK LOUGHBORO RD NW W/B,True,2.3,LOUGHBORO RD NW,W,False,20,25,False
ATE 0490,Red Light,Live,PENNSYLVANIA E/B @ SOUTHERN AVE SE,True,2.2,PENNSYLVANIA AVE SE,E,False,25,30,False
ATE 0869,Speed,Live,800 blk H St NE w/b,True,2.2,H ST NE,W,False,25,25,False
ATE 0462,Speed,Live,MILITARY RD W/B @ 14TH ST NW,True,2.2,MILITARY RD NW,W,False,30,20,False
ATE 0330,Speed,Live,5100 BLK SOUTHERN AVE SE NE/B,True,1.8,SOUTHERN AVE SE,NE,False,25,25,False
ATE 0512,Speed,Live,UNIT BLK FLORIDA AVE NE NW/B,True,1.8,FLORIDA AVE NW,NW,False,25,25,False
ATE 0838,Speed,Live,3600 blk Fort Lincoln Dr NE sw/b,True,1.7,FORT LINCOLN DR NE,SW,False,25,20,False
ATE 0866,Stop Sign,Live,Q St sw/b @ Half St SW,True,1.6,Q ST SW,SW,False,20,,False
ATE 0592,Red Light,Live,MILITARY RD W/B @ 14TH ST NW,True,1.6,MILITARY RD NW,W,False,30,20,False
ATE 0700,Red Light,Live,PENNSYLVANIA AVE W/B @ MINNESOTA SE,True,1.4,PENNSYLVANIA AVE SE,W,False,30,30,False
ATE 0858,Stop Sign,Live,Okie St w/b @ Fenwick St NE,True,1.3,OKIE ST NE,W,False,20,20,False
ATE 0364,Speed,Live,6000 BLK GEORGIA AVE NW N/B,True,1.3,GEORGIA AVE NW,N,False,25,30,False
ATE 0264,Speed,Live,4000 BLK EAST CAPITOL ST NE W/B,True,1.2,EAST CAPITOL ST BN,W,False,35,,False
ATE 0860,Red Light,Warning,New York Ave e/b @ Florida Ave NE,True,1.2,NEW YORK AVE NE,E,False,25,20,False
ATE 0805,Red Light,Live,Minnesota Ave ne/b @ Benning Rd NE,True,0.6,MINNESOTA AVE NE,NE,False,25,25,False
ATE 0142,Speed,Live,2200 BLK K ST NW W/B,True,0.6,K ST NW,W,False,25,20,False
ATE 0837,Speed,Live,7200 blk Piney Branch Rd NW sw/b,True,0.6,PINEY BRANCH RD NW,SW,False,25,30,False
ATE 0827,Speed,Live,1700 blk Montana  Ave NE nw/b,True,0.6,MONTANA AVE NE,NW,False,20,25,False
ATE 0145,Speed,Live,2200 BLK K ST NW E/B,True,0.5,K ST NW,E,False,25,20,False
ATE 0472,Red Light,Live,N CAPITOL ST S/B @ H ST NW,True,0.3,NORTH CAPITOL ST BN,S,False,25,,False
ATE 0247,Speed,Live,3900 BLK E CAPITOL ST SE E/B,True,0.1,EAST CAPITOL ST BN,E,False,35,,False
ATE 0337,Speed,Live,5500 BLK E CAPITOL ST SE E/B,True,0.0,EAST CAPITOL ST BN,E,False,30,,False
