ENFORCEMENT_SPACE_CODE,LOCATION_DESCRIPTION,SITE_CODE,ACTIVE_STATUS,CAMERA_STATUS,START_DATE,END_DATE,DEVICE_MOBILITY,ENFORCEMENT_TYPE,SPEED_LIMIT,CAMERA_LATITUDE,CAMERA_LONGITUDE,CAMERA_EASTING,CAMERA_NORTHING,WARD,ANC,SMD,OBJECTID,GLOBALID
ATE 0845,Rhode Island Ave sw/b @ N Capitol St NE,2513.0,Active,Warning,1780286400000.0,,,Red Light,25.0,38.91714,-77.00832,399278.0,138808.0,5,5E,5E04,2347504,{5CDA6F39-3F7B-36F1-E063-792F520A9410}
ATE 0846,700 BLK ALLEN Y LEW PL NW E/B,1216.0,Active,Live,1775016000000.0,,,Speed,25.0,38.9029,-77.02341,397969.0,137227.0,2,2G,2G05,2347505,{5CDA6F39-3F7C-36F1-E063-792F520A9410}
ATE 0847,1000 BLK 7TH St NW S/B,1217.0,Active,Live,1775016000000.0,,,Speed,25.0,38.90369,-77.02183,398106.0,137315.0,2,2G,2G05,2347506,{5CDA6F39-3F7D-36F1-E063-792F520A9410}
ATE 0848,1900 BLK NEW YORK AVE NE E/B,1568.0,Active,Live,1777176000000.0,,,Speed,35.0,38.91719,-76.9763,402055.0,138814.0,5,5C,5C04,2347507,{5CDA6F39-3F7E-36F1-E063-792F520A9410}
ATE 0849,1800 BLK NEW YORK AVE NE W/B,1569.0,Active,Live,1777176000000.0,,,Speed,35.0,38.91739,-76.9754,402133.0,138836.0,5,5C,5C04,2347508,{5CDA6F39-3F7F-36F1-E063-792F520A9410}
ATE 0850,3200 BLK WISCONSIN AVE NW N/B,1324.0,Active,Live,1775880000000.0,,,Speed,25.0,38.93221,-77.07247,393717.0,140483.0,3,3A,3A02,2347509,{5CDA6F39-3F80-36F1-E063-792F520A9410}
ATE 0851,3300 BLK WISCONSIN AVE NW S/B,1325.0,Active,Live,1776484800000.0,,,Speed,25.0,38.93435,-77.07268,393698.0,140721.0,3,3A,3A03,2347510,{5CDA6F39-3F81-36F1-E063-792F520A9410}
ATE 0852,4100 BLK WISCONSIN AVE NW S/B,1326.0,Active,Live,1775016000000.0,,,Speed,25.0,38.94302,-77.077,393325.0,141684.0,3,3A,3A01,2347511,{5CDA6F39-3F82-36F1-E063-792F520A9410}
ATE 0853,4500 BLK E CAPITOL ST NE W/B,1763.0,Active,Live,1777176000000.0,,,Speed,30.0,38.88985,-76.93629,405527.0,135780.0,7,7E,7E07,2347512,{5CDA6F39-3F83-36F1-E063-792F520A9410}
ATE 0854,400 blk Southern Ave SE sw/b,1834.0,Active,Live,1777176000000.0,,,Speed,30.0,38.82242,-76.99994,400005.0,128293.0,8,8E,8E09,2347513,{5CDA6F39-3F84-36F1-E063-792F520A9410}
ATE 0855,27th Street n/b @ Minnesota Ave SE,3706.0,Active,Live,1778126400000.0,,,Stop Sign,20.0,38.87403,-76.96911,402680.0,134023.0,7,7B,7B01,2347514,{5CDA6F39-3F85-36F1-E063-792F520A9410}
ATE 0856,Fessenden St e/b @ 38th St NW,3304.0,Active,Live,1776312000000.0,,,Stop Sign,20.0,38.95481,-77.07517,393484.0,142992.0,3,3E,3E04,2347515,{5CDA6F39-3F86-36F1-E063-792F520A9410}
ATE 0857,K St w/b @ 7th St NW,3605.0,Active,Live,1778126400000.0,,,Stop Sign,20.0,38.90244,-77.0213,398152.0,137176.0,6,6E,6E01,2347516,{5CDA6F39-3F87-36F1-E063-792F520A9410}
ATE 0858,Okie St w/b @ Fenwick St NE,3508.0,Active,Live,1776312000000.0,,,Stop Sign,20.0,38.9147,-76.98409,401380.0,138537.0,5,5D,5D02,2347517,{5CDA6F39-3F88-36F1-E063-792F520A9410}
ATE 0859,18th St s/b @ Marion Barry Ave SE,3810.0,Active,Live,1776312000000.0,,,Stop Sign,20.0,38.86623,-76.97896,401826.0,133157.0,8,8A,8A02,2353982,{5CDA6F39-3F89-36F1-E063-792F520A9410}
ATE 0860,New York Ave e/b @ Florida Ave NE,2606.0,Active,Warning,1788321600000.0,,,Red Light,25.0,38.90869,-77.00525,399545.0,137870.0,5,5F,5F07,2353983,{5CDA6F39-3F8A-36F1-E063-792F520A9410}
ATE 0861,Malcolm X Ave e/b @ MLK Jr Ave SE,2806.0,Active,Test,1772514000000.0,,,Red Light,25.0,38.84507,-76.99797,400176.0,130808.0,8,8C,8C02,2353984,{5CDA6F39-3F8B-36F1-E063-792F520A9410}
ATE 0863,3400 blk Benning Rd NE e/b,1764.0,Active,Live,1781409600000.0,,,Speed,35.0,38.89631,-76.9563,403791.0,136497.0,7,7D,7D03,2353985,{5CDA6F39-3F8C-36F1-E063-792F520A9410}
ATE 0865,300 blk Florida Ave NE w/b,1570.0,Active,Live,1781409600000.0,,,Speed,25.0,38.90691,-76.99963,400032.0,137672.0,5,5D,5D01,2353986,{5CDA6F39-3F8D-36F1-E063-792F520A9410}
ATE 0866,Q St sw/b @ Half St SW,3606.0,Active,Live,1779940800000.0,,,Stop Sign,20.0,38.87077,-77.01035,399102.0,133661.0,6,6D,6D08,2353987,{5CDA6F39-3F8E-36F1-E063-792F520A9410}
ATE 0867,49th St s/b @ E Capitol St NE,3707.0,Active,Live,1779940800000.0,,,Stop Sign,25.0,38.89022,-76.92377,406613.0,135822.0,7,7C,7C03,2353988,{5CDA6F39-3F8F-36F1-E063-792F520A9410}
ATE 0868,Stanton Rd w/b @ Sheridan Rd SE,3811.0,Active,Live,1779940800000.0,,,Stop Sign,20.0,38.85837,-76.99283,400622.0,132284.0,8,8B,8B06,2353989,{5CDA6F39-3F90-36F1-E063-792F520A9410}
ATE 0869,800 blk H St NE w/b,1619.0,Active,Live,1785556800000.0,,,Speed,25.0,38.90019,-76.99379,400539.0,136926.0,6,6A,6A02,2353990,{5CDA6F39-3F91-36F1-E063-792F520A9410}
ATE 0870,2800 blk Sherman Ave NW s/b,1129.0,Active,Warning,1784692800000.0,,,Speed,20.0,38.92644,-77.02575,397767.0,139841.0,1,1A,1A10,2353991,{5CDA6F39-3F92-36F1-E063-792F520A9410}
ATE 0872,Unit blk T St NE e/b,7505.0,Active,Live,1781496000000.0,,,Truck Restriction,20.0,38.91554,-77.00781,399323.0,138630.0,5,5F,5F07,2353992,{5CDA6F39-3F93-36F1-E063-792F520A9410}
ATE 0874,4200 blk Reno Rd NW se/b,1327.0,Active,Live,1784520000000.0,,,Speed,25.0,38.94412,-77.06997,393934.0,141805.0,3,3F,3F01,2353993,{5CDA6F39-3F94-36F1-E063-792F520A9410}
ATE 0875,1400 blk 33rd St NW n/b,7204.0,Active,Warning,1781409600000.0,,,Truck Restriction,20.0,38.90767,-77.06614,394263.0,137759.0,2,2E,2E03,2353994,{5CDA6F39-3F95-36F1-E063-792F520A9410}
ATE 0022,1100 BLK NORTH CAPITOL ST NE N/B,1609.0,Active,Live,1705986000000.0,,Fixed,Speed,25.0,38.90372,-77.00893,399225.0,137318.0,6,6E,6E03,2353995,{5CDA6F39-3F96-36F1-E063-792F520A9410}
ATE 0070,14TH ST N/B @ TAYLOR ST NE,3502.0,Active,Live,1705208400000.0,,,Stop Sign,25.0,38.94034,-76.98586,401226.0,141383.0,5,5B,5B02,2353996,{5CDA6F39-3F97-36F1-E063-792F520A9410}
ATE 0082,1600 BLK BENNING RD NE W/B,1518.0,Active,Live,1708750800000.0,,,Speed,30.0,38.89985,-76.98086,401660.0,136889.0,5,5D,5D07,2353997,{5CDA6F39-3F98-36F1-E063-792F520A9410}
ATE 0100,1800 BLK CONNECTICUT AVE NW S/B ,1309.0,Active,Live,1759723200000.0,,,Speed,25.0,38.91596,-77.04651,395966.0,138678.0,1,1C,1C01,2353998,{5CDA6F39-3F99-36F1-E063-792F520A9410}
ATE 0111,1900 BLK INDEPENDENCE AVE SE E/B,1739.0,Active,Live,1711598400000.0,,Portable,Speed,25.0,38.8875,-76.97711,401986.0,135518.0,7,7D,7D05,2353999,{5CDA6F39-3F9A-36F1-E063-792F520A9410}
ATE 0144,2200 BLK SOUTH DAKOTA AVE NE SE/B,1524.0,Active,Live,1712376000000.0,,,Speed,25.0,38.91989,-76.95756,403680.0,139114.0,5,5C,5C03,2354000,{5CDA6F39-3F9B-36F1-E063-792F520A9410}
ATE 0150,2300 BLK MARION BARRY AVE SE NW/B,1758.0,Active,Live,1704949200000.0,,,Speed,25.0,38.86364,-76.97388,402267.0,132869.0,8,8A,8A04,2354001,{5CDA6F39-3F9C-36F1-E063-792F520A9410}
ATE 0160,2500 BLK BENNING RD NE SE/B,1528.0,Active,Live,1705986000000.0,,Fixed,Speed,30.0,38.89793,-76.97122,402497.0,136676.0,5,5D,5D09,2354002,{5CDA6F39-3F9D-36F1-E063-792F520A9410}
ATE 0173,2600 BLK LINCOLN RD NE N/B,1512.0,Active,Live,1711771200000.0,,,Speed,25.0,38.92302,-77.0036,399688.0,139461.0,5,5E,5E06,2354003,{5CDA6F39-3F9E-36F1-E063-792F520A9410}
ATE 0209,3300 BLK CONNECTICUT AVE NW S/B,1310.0,Active,Live,1700888400000.0,,Portable,Speed,25.0,38.93416,-77.05783,394986.0,140699.0,3,3C,3C05,2354004,{5CDA6F39-3F9F-36F1-E063-792F520A9410}
ATE 0217,3400 BLK MLK JR. AVE SE SW/B,1808.0,Active,Live,1703221200000.0,,,Speed,25.0,38.84144,-77.00356,399691.0,130405.0,8,8C,8C04,2354005,{5CDA6F39-3FA0-36F1-E063-792F520A9410}
ATE 0218,3400 BLK WHEELER ROAD SE S/B,1809.0,Active,Live,1703221200000.0,,,Speed,25.0,38.84075,-76.99378,400540.0,130328.0,8,8C,8C07,2354006,{5CDA6F39-3FA1-36F1-E063-792F520A9410}
ATE 0238,3700 BLK MINNESOTA AVE NE NE/B,1747.0,Active,Live,1711684800000.0,,,Speed,25.0,38.89072,-76.9523,404138.0,135876.0,7,7F,7F01,2354007,{5CDA6F39-3FA2-36F1-E063-792F520A9410}
ATE 0240,3700 BLK S DAKOTA AVE NE SE/B,1411.0,Active,Live,1711944000000.0,,,Speed,25.0,38.93522,-76.97538,402135.0,140815.0,5,5B,5B02,2354008,{5CDA6F39-3FA3-36F1-E063-792F520A9410}
ATE 0283,4300 BLK RESERVOIR RD NW E/B,1304.0,Active,Live,1693972800000.0,,,Speed,25.0,38.91266,-77.08175,392910.0,138314.0,3,3D,3D07,2354009,{5CDA6F39-3FA4-36F1-E063-792F520A9410}
ATE 0291,4500 BLK BENNING RD SE SE/B,1728.0,Active,Live,1703912400000.0,,Fixed,Speed,25.0,38.88851,-76.93714,405454.0,135632.0,7,7E,7E07,2354010,{5CDA6F39-3FA5-36F1-E063-792F520A9410}
ATE 0297,4600 BLK MASSACHUSETTS AVE NW NW/B,1307.0,Active,Live,1742270400000.0,,,Speed,25.0,38.94221,-77.09173,392048.0,141595.0,3,3D,3D02,2354011,{5CDA6F39-3FA6-36F1-E063-792F520A9410}
ATE 0303,4700 blk MacArthur Blvd NW s/b ,1308.0,Active,Live,1711944000000.0,,,Speed,25.0,38.91414,-77.09256,391973.0,138479.0,3,3D,3D06,2354012,{5CDA6F39-3FA7-36F1-E063-792F520A9410}
ATE 0309,4800 BLK BENNING RD SE SE/B,1726.0,Active,Live,1700888400000.0,,Fixed,Speed,30.0,38.88273,-76.9341,405718.0,134990.0,7,7E,7E04,2354013,{5CDA6F39-3FA8-36F1-E063-792F520A9410}
ATE 0336,5500 BLK CONNECTICUT AVE NW S/B,1312.0,Active,Live,1700888400000.0,,Portable,Speed,25.0,38.9641,-77.07523,393480.0,144024.0,3,3/4G,3/4G05,2354014,{5CDA6F39-3FA9-36F1-E063-792F520A9410}
ATE 0356,600 BLK MISSOURI AVE NW SE/B,1410.0,Active,Live,1709701200000.0,,,Speed,25.0,38.95904,-77.02234,398064.0,143459.0,4,4B,4B06,2354015,{5CDA6F39-3FAA-36F1-E063-792F520A9410}
ATE 0455,LONGFELLOW ST W/B @ MISSOURI AVE NW,3402.0,Active,Live,1693540800000.0,,,Stop Sign,20.0,38.95761,-77.01702,398525.0,143301.0,4,4B,4B06,2354016,{5CDA6F39-3FAB-36F1-E063-792F520A9410}
ATE 0462,MILITARY RD W/B @ 14TH ST NW,1402.0,Active,Live,1694577600000.0,,,Speed,30.0,38.96191,-77.03259,397175.0,143778.0,4,4A,4A06,2354017,{5CDA6F39-3FAC-36F1-E063-792F520A9410}
ATE 0485,NY AVE W/B @ BLADENSBURG RD NE,2501.0,Active,Live,1713326400000.0,,Fixed,Red Light,40.0,38.91691,-76.97265,402372.0,138783.0,5,5C,5C04,2354018,{5CDA6F39-3FAD-36F1-E063-792F520A9410}
ATE 0498,S CAPITOL RAMP S/B BEFORE I ST SW,2602.0,Active,Live,1711339200000.0,,,Red Light,30.0,38.88031,-77.0093,399193.0,134720.0,6,6D,6D02,2354019,{5CDA6F39-3FAE-36F1-E063-792F520A9410}
ATE 0512,UNIT BLK FLORIDA AVE NE NW/B,1504.0,Active,Live,1691726400000.0,,,Speed,25.0,38.91439,-77.01744,398487.0,138503.0,5,5F,5F07,2354020,{5CDA6F39-3FAF-36F1-E063-792F520A9410}
ATE 0513,UNIT BLK FLORIDA AVE NW SE/B,1530.0,Active,Live,1710993600000.0,,,Speed,25.0,38.91139,-77.01064,399077.0,138170.0,5,5E,5E02,2354021,{5CDA6F39-3FB0-36F1-E063-792F520A9410}
ATE 0527,1000 BLK EASTERN AVE NE SE/B,1733.0,Active,Live,1711684800000.0,,Portable,Speed,25.0,38.90459,-76.92446,406552.0,137418.0,7,7C,7C04,2354022,{5CDA6F39-3FB1-36F1-E063-792F520A9410}
ATE 0555,MT. OLIVET RD SE/B @ W. VIRGINIA AVE NE,2508.0,Active,Live,1703653200000.0,,,Red Light,25.0,38.91055,-76.9862,401197.0,138077.0,5,5D,5D02,2354023,{5CDA6F39-3FB2-36F1-E063-792F520A9410}
ATE 0579,1800 BLK 14TH ST NW S/B,1126.0,Active,Live,1714104000000.0,,,Speed,25.0,38.91488,-77.03205,397220.0,138558.0,1,1B,1B08,2354024,{5CDA6F39-3FB3-36F1-E063-792F520A9410}
ATE 0588,SOUTHEAST BLVD W/B @ 11TH ST SE,2802.0,Active,Live,1714104000000.0,,,Red Light,30.0,38.87796,-76.99103,400778.0,134459.0,6,6B,6B08,2354025,{5CDA6F39-3FB4-36F1-E063-792F520A9410}
ATE 0590,5400 BLK GEORGIA AVE NW N/B,1420.0,Active,Live,1741924800000.0,,,Speed,25.0,38.95519,-77.02783,397588.0,143032.0,4,4D,4D03,2354026,{5CDA6F39-3FB5-36F1-E063-792F520A9410}
ATE 0592,MILITARY RD W/B @ 14TH ST NW,2405.0,Active,Live,1696305600000.0,,,Red Light,30.0,38.9619,-77.03248,397185.0,143777.0,4,4A,4A06,2354027,{5CDA6F39-3FB6-36F1-E063-792F520A9410}
ATE 0594,SUITLAND PKWY W/B @ STANTON RD SE,2801.0,Active,Live,1707714000000.0,,,Red Light,35.0,38.8536,-76.98301,401475.0,131755.0,8,8B,8B03,2354028,{5CDA6F39-3FB7-36F1-E063-792F520A9410}
ATE 0595,14TH ST N/B @ K ST NW,2207.0,Active,Live,1702443600000.0,,,Red Light,25.0,38.90202,-77.03184,397238.0,137130.0,2,2C,2C01,2354029,{5CDA6F39-3FB8-36F1-E063-792F520A9410}
ATE 0601,E CAPITOL ST E/B @ TEXAS AVE SE,2706.0,Active,Live,1695960000000.0,,,Red Light,30.0,38.88957,-76.93812,405368.0,135749.0,7,7E,7E07,2354030,{5CDA6F39-3FB9-36F1-E063-792F520A9410}
ATE 0607,N CAPITOL ST S/B @ GALLATIN ST NW,2401.0,Active,Live,1710561600000.0,,,Red Light,30.0,38.95247,-77.00914,399208.0,142730.0,4,4D,4D08,2354031,{5CDA6F39-3FBA-36F1-E063-792F520A9410}
ATE 0609,NY AVE E/B @ BLADENSBURG RD NE,2502.0,Active,Live,1707368400000.0,,,Red Light,35.0,38.91717,-76.97316,402328.0,138812.0,5,5C,5C04,2354032,{5CDA6F39-3FBB-36F1-E063-792F520A9410}
ATE 0707,3600 BLK ALABAMA AVE SE NE/B,1759.0,Active,Live,1714104000000.0,,,Speed,25.0,38.86423,-76.95499,403906.0,132936.0,7,7B,7B02,2354033,{5CDA6F39-3FBC-36F1-E063-792F520A9410}
ATE 0757,K ST E/B @ 27TH ST NW,2205.0,Active,Live,1707368400000.0,,,Red Light,25.0,38.90248,-77.0567,395082.0,137182.0,2,2A,2A03,2354034,{5CDA6F39-3FBD-36F1-E063-792F520A9410}
ATE 0804,Benning Rd e/b @ 34 St NE,2707.0,Active,Live,1720670400000.0,,,Red Light,35.0,38.89667,-76.95749,403688.0,136537.0,7,7D,7D03,2354035,{5CDA6F39-3FBE-36F1-E063-792F520A9410}
ATE 0806,Park Pl s/b @ Irving St NW,2104.0,Active,Live,1720670400000.0,,,Red Light,25.0,38.92953,-77.01868,398380.0,140184.0,1,1E,1E04,2354036,{5CDA6F39-3FBF-36F1-E063-792F520A9410}
ATE 0808,5000 blk E Capitol St NE w/b,1722.0,Active,Live,1722052800000.0,,,Speed,30.0,38.89009,-76.92985,406086.0,135808.0,7,7C,7C03,2354037,{5CDA6F39-3FC0-36F1-E063-792F520A9410}
ATE 0809,100 blk Rhode Island Ave NE ne/b,1550.0,Active,Live,1722312000000.0,,,Speed,30.0,38.91811,-77.0057,399506.0,138916.0,5,5F,5F04,2354038,{5CDA6F39-3FC1-36F1-E063-792F520A9410}
ATE 0815,2600 BLK MLK JR AVE SE S/B,1830.0,Active,Live,1726804800000.0,,,Speed,25.0,38.85923,-76.99519,400417.0,132380.0,8,8C,8C01,2354039,{5CDA6F39-3FC2-36F1-E063-792F520A9410}
ATE 0816,2700 BLK MLK JR AVE SE N/B,1831.0,Active,Live,1726804800000.0,,,Speed,25.0,38.8549,-76.99596,400351.0,131899.0,8,8C,8C01,2354040,{5CDA6F39-3FC3-36F1-E063-792F520A9410}
ATE 0817,S Capitol St SW/B @ MLK Jr Ave SE,2805.0,Active,Live,1732338000000.0,,,Red Light,35.0,38.83604,-77.00803,399303.0,129805.0,8,8D,8D01,2354041,{5CDA6F39-3FC4-36F1-E063-792F520A9410}
ATE 0826,5100 blk 11Th St SE se/b,1832.0,Active,Live,1743566400000.0,,,Speed,25.0,38.87125,-76.99013,400857.0,133714.0,8,8A,8A02,2354042,{5CDA6F39-3FC5-36F1-E063-792F520A9410}
ATE 0836,1200 blk New Jersey Ave NW s/b,1215.0,Active,Live,1762578000000.0,,,Speed,25.0,38.90709,-77.01528,398675.0,137692.0,2,2G,2G06,2354043,{5CDA6F39-3FC6-36F1-E063-792F520A9410}
ATE 0285,4300 BLK TEXAS AVE SE S/B,1754.0,Active,Live,1775016000000.0,,,Speed,20.0,38.88173,-76.94371,404884.0,134879.0,7,7E,7E01,2354044,{5CDA6F39-3FC7-36F1-E063-792F520A9410}
ATE 0876,1300 blk Franklin St NE e/b,7506.0,Active,Warning,1785556800000.0,,,Truck Restriction,25.0,38.92565,-76.98819,401024.0,139753.0,5,5B,5B03,2354045,{5CDA6F39-3FC8-36F1-E063-792F520A9410}
ATE 0877,Georgia Ave s/b @ Florida Ave NW,2106.0,Active,Configuration,1782964800000.0,,,Red Light,25.0,38.91673,-77.02197,398095.0,138763.0,1,1B,1B01,2354046,{5CDA6F39-3FC9-36F1-E063-792F520A9410}
ATE 0878,Columbia Rd w/b @ 16th St NW,2107.0,Active,Configuration,1782964800000.0,,,Red Light,25.0,38.92681,-77.03605,396874.0,139882.0,1,1A,1A01,2354047,{5CDA6F39-3FCA-36F1-E063-792F520A9410}
ATE 0879,New York Ave w/b @ Montana Ave NE,2514.0,Active,Configuration,1782964800000.0,,,Red Light,35.0,38.91738,-76.97706,401989.0,138835.0,5,5C,5C04,2354048,{5CDA6F39-3FCB-36F1-E063-792F520A9410}
ATE 0880,500 blk 17th St NE s/b,7701.0,Active,Configuration,1784174400000.0,,,Truck Restriction,20.0,38.8968,-76.98015,401722.0,136550.0,7,7D,7D06,2354049,{5CDA6F39-3FCC-36F1-E063-792F520A9410}
ATE 0881,Elvans Rd w/b @ Stanton Rd SE,3812.0,Active,Configuration,1784174400000.0,,,Stop Sign,20.0,38.85466,-76.98544,401264.0,131872.0,8,8B,8B04,2354050,{5CDA6F39-3FCD-36F1-E063-792F520A9410}
ATE 0882,Wisconsin Ave s/b @ Water St NW,3204.0,Active,Configuration,1784174400000.0,,,Stop Sign,25.0,38.90311,-77.06272,394560.0,137252.0,2,2E,2E05,2354051,{5CDA6F39-3FCE-36F1-E063-792F520A9410}
ATE 0883,2000 blk 14th St NW s/b,1130.0,Active,Warning,1788321600000.0,,,Speed,25.0,38.91908,-77.03208,397218.0,139024.0,1,1B,1B04,2354052,{5CDA6F39-3FCF-36F1-E063-792F520A9410}
ATE 0884,1700 blk 7th St NW s/b,1218.0,Active,Configuration,1785384000000.0,,,Speed,25.0,38.91343,-77.02209,398084.0,138396.0,2,2G,2G01,2354053,{5CDA6F39-3FD0-36F1-E063-792F520A9410}
ATE 0885,1300 blk U St NW w/b,1131.0,Active,Configuration,1784520000000.0,,,Speed,25.0,38.91343,-77.02209,398084.0,138396.0,2,2G,2G01,2354054,{5CDA6F39-3FD1-36F1-E063-792F520A9410}
ATE 0886,Unit blk H St NW e/b,1620.0,Active,Test,1786593600000.0,,,Speed,25.0,38.90027,-77.01098,399048.0,136935.0,6,6E,6E07,2354055,{5CDA6F39-3FD2-36F1-E063-792F520A9410}
ATE 0887,1700 blk Benning Rd NE e/b,1769.0,Active,Test,1786507200000.0,,,Speed,30.0,38.89932,-76.97905,401817.0,136830.0,5,5D,5D07,2354056,{5CDA6F39-3FD3-36F1-E063-792F520A9410}
ATE 0888,3900 blk Minnesota Ave NE n/b,1770.0,Active,Configuration,1784520000000.0,,,Speed,25.0,38.89315,-76.95058,404287.0,136146.0,7,7F,7F01,2354057,{5CDA6F39-3FD4-36F1-E063-792F520A9410}
ATE 0889,1100 blk U St NW w/b,1132.0,Active,Test,1787198400000.0,,,Speed,25.0,38.91698,-77.02745,397619.0,138791.0,1,1B,1B08,2354058,{5CDA6F39-3FD5-36F1-E063-792F520A9410}
ATE 0890,Eckington Pl s/b @ Florida Ave NE,2515.0,Active,Configuration,1784520000000.0,,,Red Light,25.0,38.90973,-77.0051,399558.0,137985.0,5,5F,5F06,2354059,{5CDA6F39-3FD6-36F1-E063-792F520A9410}
ATE 0862,1200 blk 4th St NE s/b,7603.0,Active,Live,1780286400000.0,,,Truck Restriction,20.0,38.90738,-77.00046,399960.0,137725.0,5,5D,5D01,2354060,{5CDA6F39-3FD7-36F1-E063-792F520A9410}
ATE 0873,V St w/b @ 8th St NW,3102.0,Active,Live,1784001600000.0,,,Stop Sign,25.0,38.91769,-77.02236,398061.0,138869.0,1,1B,1B02,2354061,{5CDA6F39-3FD8-36F1-E063-792F520A9410}
ATE 0891,1400 blk 7th St NW n/b,1219.0,Active,Configuration,1785816000000.0,,,Speed,25.0,38.90848,-77.02179,398110.0,137847.0,2,2G,2G05,2354062,{5CDA6F39-3FD9-36F1-E063-792F520A9410}
ATE 0892,3500 blk Minnesota Ave SE sw/b,1766.0,Active,Configuration,1785816000000.0,,,Speed,25.0,38.88771,-76.95467,403933.0,135542.0,7,7F,7F07,2354063,{5CDA6F39-3FDA-36F1-E063-792F520A9410}
ATE 0893,2400 blk Alabama Ave SE n/b,1835.0,Active,Configuration,1785816000000.0,,,Speed,25.0,38.85465,-76.96989,402614.0,131872.0,8,8B,8B02,2354064,{5CDA6F39-3FDB-36F1-E063-792F520A9410}
ATE 0894,900 blk Southern Ave SE sw/b,1836.0,Active,Configuration,1785816000000.0,,,Speed,30.0,38.83165,-76.98806,401037.0,129318.0,8,8E,8E06,2354065,{5CDA6F39-3FDC-36F1-E063-792F520A9410}
3277,,,Active,Live,,,,Clear Lane,,,,,,,,,2354066,{5CDA6F39-3FDD-36F1-E063-792F520A9410}
3278,,,Active,Live,,,,Clear Lane,,,,,,,,,2354067,{5CDA6F39-3FDE-36F1-E063-792F520A9410}
3279,,,Active,Live,,,,Clear Lane,,,,,,,,,2354068,{5CDA6F39-3FDF-36F1-E063-792F520A9410}
3280,,,Active,Live,,,,Clear Lane,,,,,,,,,2354069,{5CDA6F39-3FE0-36F1-E063-792F520A9410}
3281,,,Active,Live,,,,Clear Lane,,,,,,,,,2354070,{5CDA6F39-3FE1-36F1-E063-792F520A9410}
3282,,,Active,Live,,,,Clear Lane,,,,,,,,,2354071,{5CDA6F39-3FE2-36F1-E063-792F520A9410}
3283,,,Active,Live,,,,Clear Lane,,,,,,,,,2354072,{5CDA6F39-3FE3-36F1-E063-792F520A9410}
3284,,,Active,Live,,,,Clear Lane,,,,,,,,,2354073,{5CDA6F39-3FE4-36F1-E063-792F520A9410}
3285,,,Active,Live,,,,Clear Lane,,,,,,,,,2354074,{5CDA6F39-3FE5-36F1-E063-792F520A9410}
3286,,,Active,Live,,,,Clear Lane,,,,,,,,,2354075,{5CDA6F39-3FE6-36F1-E063-792F520A9410}
3287,,,Active,Live,,,,Clear Lane,,,,,,,,,2354076,{5CDA6F39-3FE7-36F1-E063-792F520A9410}
3288,,,Active,Live,,,,Clear Lane,,,,,,,,,2354077,{5CDA6F39-3FE8-36F1-E063-792F520A9410}
3289,,,Active,Live,,,,Clear Lane,,,,,,,,,2354078,{5CDA6F39-3FE9-36F1-E063-792F520A9410}
3290,,,Active,Live,,,,Clear Lane,,,,,,,,,2354079,{5CDA6F39-3FEA-36F1-E063-792F520A9410}
3291,,,Active,Live,,,,Clear Lane,,,,,,,,,2354080,{5CDA6F39-3FEB-36F1-E063-792F520A9410}
3292,,,Active,Live,,,,Clear Lane,,,,,,,,,2354081,{5CDA6F39-3FEC-36F1-E063-792F520A9410}
3293,,,Active,Live,,,,Clear Lane,,,,,,,,,2354082,{5CDA6F39-3FED-36F1-E063-792F520A9410}
3294,,,Active,Live,,,,Clear Lane,,,,,,,,,2354083,{5CDA6F39-3FEE-36F1-E063-792F520A9410}
3295,,,Active,Live,,,,Clear Lane,,,,,,,,,2354084,{5CDA6F39-3FEF-36F1-E063-792F520A9410}
3296,,,Active,Live,,,,Clear Lane,,,,,,,,,2354085,{5CDA6F39-3FF0-36F1-E063-792F520A9410}
3297,,,Active,Live,,,,Clear Lane,,,,,,,,,2354086,{5CDA6F39-3FF1-36F1-E063-792F520A9410}
3298,,,Active,Live,,,,Clear Lane,,,,,,,,,2354087,{5CDA6F39-3FF2-36F1-E063-792F520A9410}
3299,,,Active,Live,,,,Clear Lane,,,,,,,,,2354088,{5CDA6F39-3FF3-36F1-E063-792F520A9410}
3300,,,Active,Live,,,,Clear Lane,,,,,,,,,2354089,{5CDA6F39-3FF4-36F1-E063-792F520A9410}
3301,,,Active,Live,,,,Clear Lane,,,,,,,,,2354090,{5CDA6F39-3FF5-36F1-E063-792F520A9410}
3302,,,Active,Live,,,,Clear Lane,,,,,,,,,2354091,{5CDA6F39-3FF6-36F1-E063-792F520A9410}
3303,,,Active,Live,,,,Clear Lane,,,,,,,,,2354092,{5CDA6F39-3FF7-36F1-E063-792F520A9410}
3304,,,Active,Live,,,,Clear Lane,,,,,,,,,2354093,{5CDA6F39-3FF8-36F1-E063-792F520A9410}
3305,,,Active,Live,,,,Clear Lane,,,,,,,,,2354094,{5CDA6F39-3FF9-36F1-E063-792F520A9410}
3306,,,Active,Live,,,,Clear Lane,,,,,,,,,2354095,{5CDA6F39-3FFA-36F1-E063-792F520A9410}
3307,,,Active,Live,,,,Clear Lane,,,,,,,,,2354096,{5CDA6F39-3FFB-36F1-E063-792F520A9410}
3308,,,Active,Live,,,,Clear Lane,,,,,,,,,2354097,{5CDA6F39-3FFC-36F1-E063-792F520A9410}
3309,,,Active,Live,,,,Clear Lane,,,,,,,,,2354098,{5CDA6F39-3FFD-36F1-E063-792F520A9410}
3310,,,Active,Live,,,,Clear Lane,,,,,,,,,2354099,{5CDA6F39-3FFE-36F1-E063-792F520A9410}
3311,,,Active,Live,,,,Clear Lane,,,,,,,,,2354100,{5CDA6F39-3FFF-36F1-E063-792F520A9410}
3312,,,Active,Live,,,,Clear Lane,,,,,,,,,2354101,{5CDA6F39-4000-36F1-E063-792F520A9410}
3313,,,Active,Live,,,,Clear Lane,,,,,,,,,2354102,{5CDA6F39-4001-36F1-E063-792F520A9410}
3314,,,Active,Live,,,,Clear Lane,,,,,,,,,2354103,{5CDA6F39-4002-36F1-E063-792F520A9410}
3315,,,Active,Live,,,,Clear Lane,,,,,,,,,2354104,{5CDA6F39-4003-36F1-E063-792F520A9410}
3316,,,Active,Live,,,,Clear Lane,,,,,,,,,2354105,{5CDA6F39-4004-36F1-E063-792F520A9410}
4500,,,Active,Live,,,,Clear Lane,,,,,,,,,2354106,{5CDA6F39-4005-36F1-E063-792F520A9410}
4501,,,Active,Live,,,,Clear Lane,,,,,,,,,2354107,{5CDA6F39-4006-36F1-E063-792F520A9410}
4502,,,Active,Live,,,,Clear Lane,,,,,,,,,2354108,{5CDA6F39-4007-36F1-E063-792F520A9410}
4503,,,Active,Live,,,,Clear Lane,,,,,,,,,2354109,{5CDA6F39-4008-36F1-E063-792F520A9410}
4504,,,Active,Live,,,,Clear Lane,,,,,,,,,2354110,{5CDA6F39-4009-36F1-E063-792F520A9410}
4505,,,Active,Live,,,,Clear Lane,,,,,,,,,2354111,{5CDA6F39-400A-36F1-E063-792F520A9410}
4506,,,Active,Live,,,,Clear Lane,,,,,,,,,2354112,{5CDA6F39-400B-36F1-E063-792F520A9410}
4507,,,Active,Live,,,,Clear Lane,,,,,,,,,2354113,{5CDA6F39-400C-36F1-E063-792F520A9410}
4508,,,Active,Live,,,,Clear Lane,,,,,,,,,2354114,{5CDA6F39-400D-36F1-E063-792F520A9410}
4509,,,Active,Live,,,,Clear Lane,,,,,,,,,2354115,{5CDA6F39-400E-36F1-E063-792F520A9410}
4510,,,Active,Live,,,,Clear Lane,,,,,,,,,2354116,{5CDA6F39-400F-36F1-E063-792F520A9410}
4511,,,Active,Live,,,,Clear Lane,,,,,,,,,2354117,{5CDA6F39-4010-36F1-E063-792F520A9410}
4512,,,Active,Live,,,,Clear Lane,,,,,,,,,2354118,{5CDA6F39-4011-36F1-E063-792F520A9410}
4513,,,Active,Live,,,,Clear Lane,,,,,,,,,2354119,{5CDA6F39-4012-36F1-E063-792F520A9410}
4514,,,Active,Live,,,,Clear Lane,,,,,,,,,2354120,{5CDA6F39-4013-36F1-E063-792F520A9410}
4515,,,Active,Live,,,,Clear Lane,,,,,,,,,2354121,{5CDA6F39-4014-36F1-E063-792F520A9410}
4516,,,Active,Live,,,,Clear Lane,,,,,,,,,2354122,{5CDA6F39-4015-36F1-E063-792F520A9410}
4517,,,Active,Live,,,,Clear Lane,,,,,,,,,2354123,{5CDA6F39-4016-36F1-E063-792F520A9410}
4518,,,Active,Live,,,,Clear Lane,,,,,,,,,2354124,{5CDA6F39-4017-36F1-E063-792F520A9410}
4519,,,Active,Live,,,,Clear Lane,,,,,,,,,2354125,{5CDA6F39-4018-36F1-E063-792F520A9410}
4520,,,Active,Live,,,,Clear Lane,,,,,,,,,2354126,{5CDA6F39-4019-36F1-E063-792F520A9410}
4521,,,Active,Live,,,,Clear Lane,,,,,,,,,2354127,{5CDA6F39-401A-36F1-E063-792F520A9410}
4522,,,Active,Live,,,,Clear Lane,,,,,,,,,2354128,{5CDA6F39-401B-36F1-E063-792F520A9410}
4523,,,Active,Live,,,,Clear Lane,,,,,,,,,2354129,{5CDA6F39-401C-36F1-E063-792F520A9410}
4524,,,Active,Live,,,,Clear Lane,,,,,,,,,2354130,{5CDA6F39-401D-36F1-E063-792F520A9410}
4525,,,Active,Live,,,,Clear Lane,,,,,,,,,2354131,{5CDA6F39-401E-36F1-E063-792F520A9410}
4526,,,Active,Live,,,,Clear Lane,,,,,,,,,2354132,{5CDA6F39-401F-36F1-E063-792F520A9410}
4527,,,Active,Live,,,,Clear Lane,,,,,,,,,2354133,{5CDA6F39-4020-36F1-E063-792F520A9410}
4528,,,Active,Live,,,,Clear Lane,,,,,,,,,2354134,{5CDA6F39-4021-36F1-E063-792F520A9410}
4529,,,Active,Live,,,,Clear Lane,,,,,,,,,2354135,{5CDA6F39-4022-36F1-E063-792F520A9410}
4530,,,Active,Live,,,,Clear Lane,,,,,,,,,2354136,{5CDA6F39-4023-36F1-E063-792F520A9410}
4531,,,Active,Live,,,,Clear Lane,,,,,,,,,2354137,{5CDA6F39-4024-36F1-E063-792F520A9410}
4532,,,Active,Live,,,,Clear Lane,,,,,,,,,2354138,{5CDA6F39-4025-36F1-E063-792F520A9410}
4533,,,Active,Live,,,,Clear Lane,,,,,,,,,2354139,{5CDA6F39-4026-36F1-E063-792F520A9410}
4534,,,Active,Live,,,,Clear Lane,,,,,,,,,2354140,{5CDA6F39-4027-36F1-E063-792F520A9410}
4535,,,Active,Live,,,,Clear Lane,,,,,,,,,2354141,{5CDA6F39-4028-36F1-E063-792F520A9410}
4536,,,Active,Live,,,,Clear Lane,,,,,,,,,2354142,{5CDA6F39-4029-36F1-E063-792F520A9410}
4537,,,Active,Live,,,,Clear Lane,,,,,,,,,2354143,{5CDA6F39-402A-36F1-E063-792F520A9410}
4538,,,Active,Live,,,,Clear Lane,,,,,,,,,2354144,{5CDA6F39-402B-36F1-E063-792F520A9410}
4539,,,Active,Live,,,,Clear Lane,,,,,,,,,2354145,{5CDA6F39-402C-36F1-E063-792F520A9410}
4540,,,Active,Live,,,,Clear Lane,,,,,,,,,2354146,{5CDA6F39-402D-36F1-E063-792F520A9410}
4541,,,Active,Live,,,,Clear Lane,,,,,,,,,2354147,{5CDA6F39-402E-36F1-E063-792F520A9410}
4542,,,Active,Live,,,,Clear Lane,,,,,,,,,2354148,{5CDA6F39-402F-36F1-E063-792F520A9410}
4543,,,Active,Live,,,,Clear Lane,,,,,,,,,2354149,{5CDA6F39-4030-36F1-E063-792F520A9410}
4544,,,Active,Live,,,,Clear Lane,,,,,,,,,2354150,{5CDA6F39-4031-36F1-E063-792F520A9410}
4545,,,Active,Live,,,,Clear Lane,,,,,,,,,2354151,{5CDA6F39-4032-36F1-E063-792F520A9410}
4546,,,Active,Live,,,,Clear Lane,,,,,,,,,2354152,{5CDA6F39-4033-36F1-E063-792F520A9410}
4547,,,Active,Live,,,,Clear Lane,,,,,,,,,2354153,{5CDA6F39-4034-36F1-E063-792F520A9410}
4548,,,Active,Live,,,,Clear Lane,,,,,,,,,2354154,{5CDA6F39-4035-36F1-E063-792F520A9410}
4549,,,Active,Live,,,,Clear Lane,,,,,,,,,2354155,{5CDA6F39-4036-36F1-E063-792F520A9410}
4550,,,Active,Live,,,,Clear Lane,,,,,,,,,2354156,{5CDA6F39-4037-36F1-E063-792F520A9410}
4551,,,Active,Live,,,,Clear Lane,,,,,,,,,2354157,{5CDA6F39-4038-36F1-E063-792F520A9410}
4552,,,Active,Live,,,,Clear Lane,,,,,,,,,2354158,{5CDA6F39-4039-36F1-E063-792F520A9410}
4553,,,Active,Live,,,,Clear Lane,,,,,,,,,2354159,{5CDA6F39-403A-36F1-E063-792F520A9410}
4554,,,Active,Live,,,,Clear Lane,,,,,,,,,2354160,{5CDA6F39-403B-36F1-E063-792F520A9410}
4555,,,Active,Live,,,,Clear Lane,,,,,,,,,2354161,{5CDA6F39-403C-36F1-E063-792F520A9410}
4556,,,Active,Live,,,,Clear Lane,,,,,,,,,2354162,{5CDA6F39-403D-36F1-E063-792F520A9410}
4557,,,Active,Live,,,,Clear Lane,,,,,,,,,2354163,{5CDA6F39-403E-36F1-E063-792F520A9410}
4558,,,Active,Live,,,,Clear Lane,,,,,,,,,2354164,{5CDA6F39-403F-36F1-E063-792F520A9410}
4559,,,Active,Live,,,,Clear Lane,,,,,,,,,2354165,{5CDA6F39-4040-36F1-E063-792F520A9410}
4560,,,Active,Live,,,,Clear Lane,,,,,,,,,2354166,{5CDA6F39-4041-36F1-E063-792F520A9410}
4561,,,Active,Live,,,,Clear Lane,,,,,,,,,2354167,{5CDA6F39-4042-36F1-E063-792F520A9410}
4562,,,Active,Live,,,,Clear Lane,,,,,,,,,2354168,{5CDA6F39-4043-36F1-E063-792F520A9410}
4563,,,Active,Live,,,,Clear Lane,,,,,,,,,2354169,{5CDA6F39-4044-36F1-E063-792F520A9410}
4564,,,Active,Live,,,,Clear Lane,,,,,,,,,2354170,{5CDA6F39-4045-36F1-E063-792F520A9410}
4565,,,Active,Live,,,,Clear Lane,,,,,,,,,2354171,{5CDA6F39-4046-36F1-E063-792F520A9410}
4566,,,Active,Live,,,,Clear Lane,,,,,,,,,2354172,{5CDA6F39-4047-36F1-E063-792F520A9410}
4567,,,Active,Live,,,,Clear Lane,,,,,,,,,2354173,{5CDA6F39-4048-36F1-E063-792F520A9410}
4568,,,Active,Live,,,,Clear Lane,,,,,,,,,2354174,{5CDA6F39-4049-36F1-E063-792F520A9410}
4569,,,Active,Live,,,,Clear Lane,,,,,,,,,2354175,{5CDA6F39-404A-36F1-E063-792F520A9410}
4570,,,Active,Live,,,,Clear Lane,,,,,,,,,2354176,{5CDA6F39-404B-36F1-E063-792F520A9410}
4571,,,Active,Live,,,,Clear Lane,,,,,,,,,2354177,{5CDA6F39-404C-36F1-E063-792F520A9410}
4572,,,Active,Live,,,,Clear Lane,,,,,,,,,2354178,{5CDA6F39-404D-36F1-E063-792F520A9410}
4573,,,Active,Live,,,,Clear Lane,,,,,,,,,2354179,{5CDA6F39-404E-36F1-E063-792F520A9410}
4574,,,Active,Live,,,,Clear Lane,,,,,,,,,2354180,{5CDA6F39-404F-36F1-E063-792F520A9410}
4575,,,Active,Live,,,,Clear Lane,,,,,,,,,2354181,{5CDA6F39-4050-36F1-E063-792F520A9410}
4576,,,Active,Live,,,,Clear Lane,,,,,,,,,2354182,{5CDA6F39-4051-36F1-E063-792F520A9410}
4577,,,Active,Live,,,,Clear Lane,,,,,,,,,2354183,{5CDA6F39-4052-36F1-E063-792F520A9410}
4578,,,Active,Live,,,,Clear Lane,,,,,,,,,2354184,{5CDA6F39-4053-36F1-E063-792F520A9410}
4579,,,Active,Live,,,,Clear Lane,,,,,,,,,2354185,{5CDA6F39-4054-36F1-E063-792F520A9410}
4580,,,Active,Live,,,,Clear Lane,,,,,,,,,2354186,{5CDA6F39-4055-36F1-E063-792F520A9410}
4581,,,Active,Live,,,,Clear Lane,,,,,,,,,2354187,{5CDA6F39-4056-36F1-E063-792F520A9410}
4582,,,Active,Live,,,,Clear Lane,,,,,,,,,2354188,{5CDA6F39-4057-36F1-E063-792F520A9410}
4583,,,Active,Live,,,,Clear Lane,,,,,,,,,2354189,{5CDA6F39-4058-36F1-E063-792F520A9410}
4584,,,Active,Live,,,,Clear Lane,,,,,,,,,2354190,{5CDA6F39-4059-36F1-E063-792F520A9410}
4585,,,Active,Live,,,,Clear Lane,,,,,,,,,2354191,{5CDA6F39-405A-36F1-E063-792F520A9410}
4586,,,Active,Live,,,,Clear Lane,,,,,,,,,2354192,{5CDA6F39-405B-36F1-E063-792F520A9410}
4587,,,Active,Live,,,,Clear Lane,,,,,,,,,2354193,{5CDA6F39-405C-36F1-E063-792F520A9410}
4588,,,Active,Live,,,,Clear Lane,,,,,,,,,2354194,{5CDA6F39-405D-36F1-E063-792F520A9410}
4589,,,Active,Live,,,,Clear Lane,,,,,,,,,2354195,{5CDA6F39-405E-36F1-E063-792F520A9410}
4590,,,Active,Live,,,,Clear Lane,,,,,,,,,2354196,{5CDA6F39-405F-36F1-E063-792F520A9410}
4591,,,Active,Live,,,,Clear Lane,,,,,,,,,2354197,{5CDA6F39-4060-36F1-E063-792F520A9410}
4592,,,Active,Live,,,,Clear Lane,,,,,,,,,2354198,{5CDA6F39-4061-36F1-E063-792F520A9410}
4593,,,Active,Live,,,,Clear Lane,,,,,,,,,2354199,{5CDA6F39-4062-36F1-E063-792F520A9410}
4594,,,Active,Live,,,,Clear Lane,,,,,,,,,2354200,{5CDA6F39-4063-36F1-E063-792F520A9410}
4595,,,Active,Live,,,,Clear Lane,,,,,,,,,2354201,{5CDA6F39-4064-36F1-E063-792F520A9410}
4596,,,Active,Live,,,,Clear Lane,,,,,,,,,2354202,{5CDA6F39-4065-36F1-E063-792F520A9410}
4597,,,Active,Live,,,,Clear Lane,,,,,,,,,2354203,{5CDA6F39-4066-36F1-E063-792F520A9410}
4598,,,Active,Live,,,,Clear Lane,,,,,,,,,2354204,{5CDA6F39-4067-36F1-E063-792F520A9410}
4600,,,Active,Live,,,,Clear Lane,,,,,,,,,2354205,{5CDA6F39-4068-36F1-E063-792F520A9410}
4601,,,Active,Live,,,,Clear Lane,,,,,,,,,2354206,{5CDA6F39-4069-36F1-E063-792F520A9410}
4602,,,Active,Live,,,,Clear Lane,,,,,,,,,2354207,{5CDA6F39-406A-36F1-E063-792F520A9410}
4603,,,Active,Live,,,,Clear Lane,,,,,,,,,2354208,{5CDA6F39-406B-36F1-E063-792F520A9410}
4604,,,Active,Live,,,,Clear Lane,,,,,,,,,2354209,{5CDA6F39-406C-36F1-E063-792F520A9410}
4605,,,Active,Live,,,,Clear Lane,,,,,,,,,2354210,{5CDA6F39-406D-36F1-E063-792F520A9410}
4606,,,Active,Live,,,,Clear Lane,,,,,,,,,2354211,{5CDA6F39-406E-36F1-E063-792F520A9410}
4607,,,Active,Live,,,,Clear Lane,,,,,,,,,2354212,{5CDA6F39-406F-36F1-E063-792F520A9410}
4608,,,Active,Live,,,,Clear Lane,,,,,,,,,2354213,{5CDA6F39-4070-36F1-E063-792F520A9410}
4609,,,Active,Live,,,,Clear Lane,,,,,,,,,2354214,{5CDA6F39-4071-36F1-E063-792F520A9410}
4610,,,Active,Live,,,,Clear Lane,,,,,,,,,2354215,{5CDA6F39-4072-36F1-E063-792F520A9410}
4611,,,Active,Live,,,,Clear Lane,,,,,,,,,2354216,{5CDA6F39-4073-36F1-E063-792F520A9410}
4612,,,Active,Live,,,,Clear Lane,,,,,,,,,2354217,{5CDA6F39-4074-36F1-E063-792F520A9410}
4613,,,Active,Live,,,,Clear Lane,,,,,,,,,2354218,{5CDA6F39-4075-36F1-E063-792F520A9410}
4614,,,Active,Live,,,,Clear Lane,,,,,,,,,2354219,{5CDA6F39-4076-36F1-E063-792F520A9410}
4615,,,Active,Live,,,,Clear Lane,,,,,,,,,2354220,{5CDA6F39-4077-36F1-E063-792F520A9410}
4616,,,Active,Live,,,,Clear Lane,,,,,,,,,2354221,{5CDA6F39-4078-36F1-E063-792F520A9410}
4617,,,Active,Live,,,,Clear Lane,,,,,,,,,2354222,{5CDA6F39-4079-36F1-E063-792F520A9410}
4618,,,Active,Live,,,,Clear Lane,,,,,,,,,2354223,{5CDA6F39-407A-36F1-E063-792F520A9410}
4619,,,Active,Live,,,,Clear Lane,,,,,,,,,2354224,{5CDA6F39-407B-36F1-E063-792F520A9410}
4620,,,Active,Live,,,,Clear Lane,,,,,,,,,2354225,{5CDA6F39-407C-36F1-E063-792F520A9410}
4621,,,Active,Live,,,,Clear Lane,,,,,,,,,2354226,{5CDA6F39-407D-36F1-E063-792F520A9410}
4622,,,Active,Live,,,,Clear Lane,,,,,,,,,2354227,{5CDA6F39-407E-36F1-E063-792F520A9410}
4623,,,Active,Live,,,,Clear Lane,,,,,,,,,2354228,{5CDA6F39-407F-36F1-E063-792F520A9410}
4624,,,Active,Live,,,,Clear Lane,,,,,,,,,2354229,{5CDA6F39-4080-36F1-E063-792F520A9410}
4625,,,Active,Live,,,,Clear Lane,,,,,,,,,2354230,{5CDA6F39-4081-36F1-E063-792F520A9410}
4626,,,Active,Live,,,,Clear Lane,,,,,,,,,2354231,{5CDA6F39-4082-36F1-E063-792F520A9410}
4627,,,Active,Live,,,,Clear Lane,,,,,,,,,2354232,{5CDA6F39-4083-36F1-E063-792F520A9410}
4628,,,Active,Live,,,,Clear Lane,,,,,,,,,2354233,{5CDA6F39-4084-36F1-E063-792F520A9410}
4629,,,Active,Live,,,,Clear Lane,,,,,,,,,2354234,{5CDA6F39-4085-36F1-E063-792F520A9410}
4630,,,Active,Live,,,,Clear Lane,,,,,,,,,2354235,{5CDA6F39-4086-36F1-E063-792F520A9410}
4631,,,Active,Live,,,,Clear Lane,,,,,,,,,2354236,{5CDA6F39-4087-36F1-E063-792F520A9410}
4632,,,Active,Live,,,,Clear Lane,,,,,,,,,2354237,{5CDA6F39-4088-36F1-E063-792F520A9410}
4633,,,Active,Live,,,,Clear Lane,,,,,,,,,2354238,{5CDA6F39-4089-36F1-E063-792F520A9410}
4634,,,Active,Live,,,,Clear Lane,,,,,,,,,2354239,{5CDA6F39-408A-36F1-E063-792F520A9410}
4650,,,Active,Live,,,,Clear Lane,,,,,,,,,2354240,{5CDA6F39-408B-36F1-E063-792F520A9410}
4651,,,Active,Live,,,,Clear Lane,,,,,,,,,2354241,{5CDA6F39-408C-36F1-E063-792F520A9410}
4652,,,Active,Live,,,,Clear Lane,,,,,,,,,2354242,{5CDA6F39-408D-36F1-E063-792F520A9410}
4653,,,Active,Live,,,,Clear Lane,,,,,,,,,2354243,{5CDA6F39-408E-36F1-E063-792F520A9410}
4654,,,Active,Live,,,,Clear Lane,,,,,,,,,2354244,{5CDA6F39-408F-36F1-E063-792F520A9410}
4655,,,Active,Live,,,,Clear Lane,,,,,,,,,2354245,{5CDA6F39-4090-36F1-E063-792F520A9410}
4716,,,Active,Live,,,,Clear Lane,,,,,,,,,2354246,{5CDA6F39-4091-36F1-E063-792F520A9410}
4717,,,Active,Live,,,,Clear Lane,,,,,,,,,2354247,{5CDA6F39-4092-36F1-E063-792F520A9410}
4718,,,Active,Live,,,,Clear Lane,,,,,,,,,2354248,{5CDA6F39-4093-36F1-E063-792F520A9410}
5482,,,Active,Live,,,,Clear Lane,,,,,,,,,2354249,{5CDA6F39-4094-36F1-E063-792F520A9410}
5483,,,Active,Live,,,,Clear Lane,,,,,,,,,2354250,{5CDA6F39-4095-36F1-E063-792F520A9410}
5484,,,Active,Live,,,,Clear Lane,,,,,,,,,2354251,{5CDA6F39-4096-36F1-E063-792F520A9410}
5485,,,Active,Live,,,,Clear Lane,,,,,,,,,2354252,{5CDA6F39-4097-36F1-E063-792F520A9410}
5486,,,Active,Live,,,,Clear Lane,,,,,,,,,2354253,{5CDA6F39-4098-36F1-E063-792F520A9410}
5487,,,Active,Live,,,,Clear Lane,,,,,,,,,2354254,{5CDA6F39-4099-36F1-E063-792F520A9410}
5488,,,Active,Live,,,,Clear Lane,,,,,,,,,2354255,{5CDA6F39-409A-36F1-E063-792F520A9410}
5489,,,Active,Live,,,,Clear Lane,,,,,,,,,2354256,{5CDA6F39-409B-36F1-E063-792F520A9410}
5490,,,Active,Live,,,,Clear Lane,,,,,,,,,2354257,{5CDA6F39-409C-36F1-E063-792F520A9410}
5491,,,Active,Live,,,,Clear Lane,,,,,,,,,2354258,{5CDA6F39-409D-36F1-E063-792F520A9410}
5492,,,Active,Live,,,,Clear Lane,,,,,,,,,2354259,{5CDA6F39-409E-36F1-E063-792F520A9410}
5500,,,Active,Live,,,,Clear Lane,,,,,,,,,2354260,{5CDA6F39-409F-36F1-E063-792F520A9410}
5501,,,Active,Live,,,,Clear Lane,,,,,,,,,2354261,{5CDA6F39-40A0-36F1-E063-792F520A9410}
5502,,,Active,Live,,,,Clear Lane,,,,,,,,,2354262,{5CDA6F39-40A1-36F1-E063-792F520A9410}
5503,,,Active,Live,,,,Clear Lane,,,,,,,,,2354263,{5CDA6F39-40A2-36F1-E063-792F520A9410}
5504,,,Active,Live,,,,Clear Lane,,,,,,,,,2354264,{5CDA6F39-40A3-36F1-E063-792F520A9410}
5505,,,Active,Live,,,,Clear Lane,,,,,,,,,2354265,{5CDA6F39-40A4-36F1-E063-792F520A9410}
5506,,,Active,Live,,,,Clear Lane,,,,,,,,,2354266,{5CDA6F39-40A5-36F1-E063-792F520A9410}
5507,,,Active,Live,,,,Clear Lane,,,,,,,,,2354267,{5CDA6F39-40A6-36F1-E063-792F520A9410}
5508,,,Active,Live,,,,Clear Lane,,,,,,,,,2354268,{5CDA6F39-40A7-36F1-E063-792F520A9410}
5509,,,Active,Live,,,,Clear Lane,,,,,,,,,2354269,{5CDA6F39-40A8-36F1-E063-792F520A9410}
5510,,,Active,Live,,,,Clear Lane,,,,,,,,,2354270,{5CDA6F39-40A9-36F1-E063-792F520A9410}
5511,,,Active,Live,,,,Clear Lane,,,,,,,,,2354271,{5CDA6F39-40AA-36F1-E063-792F520A9410}
5512,,,Active,Live,,,,Clear Lane,,,,,,,,,2354272,{5CDA6F39-40AB-36F1-E063-792F520A9410}
5513,,,Active,Live,,,,Clear Lane,,,,,,,,,2354273,{5CDA6F39-40AC-36F1-E063-792F520A9410}
5514,,,Active,Live,,,,Clear Lane,,,,,,,,,2354274,{5CDA6F39-40AD-36F1-E063-792F520A9410}
5515,,,Active,Live,,,,Clear Lane,,,,,,,,,2354275,{5CDA6F39-40AE-36F1-E063-792F520A9410}
SCHOOL_01,,,Active,Live,,,,School Bus,,,,,,,,,2354276,{5CDA6F39-40AF-36F1-E063-792F520A9410}
SCHOOL_02,,,Active,Live,,,,School Bus,,,,,,,,,2354277,{5CDA6F39-40B0-36F1-E063-792F520A9410}
SCHOOL_03,,,Active,Live,,,,School Bus,,,,,,,,,2354278,{5CDA6F39-40B1-36F1-E063-792F520A9410}
SCHOOL_04,,,Active,Live,,,,School Bus,,,,,,,,,2354279,{5CDA6F39-40B2-36F1-E063-792F520A9410}
SCHOOL_05,,,Active,Live,,,,School Bus,,,,,,,,,2354280,{5CDA6F39-40B3-36F1-E063-792F520A9410}
SCHOOL_06,,,Active,Live,,,,School Bus,,,,,,,,,2354281,{5CDA6F39-40B4-36F1-E063-792F520A9410}
SCHOOL_07,,,Active,Live,,,,School Bus,,,,,,,,,2354282,{5CDA6F39-40B5-36F1-E063-792F520A9410}
SCHOOL_08,,,Active,Live,,,,School Bus,,,,,,,,,2354283,{5CDA6F39-40B6-36F1-E063-792F520A9410}
SCHOOL_09,,,Active,Live,,,,School Bus,,,,,,,,,2354284,{5CDA6F39-40B7-36F1-E063-792F520A9410}
SCHOOL_10,,,Active,Live,,,,School Bus,,,,,,,,,2354285,{5CDA6F39-40B8-36F1-E063-792F520A9410}
SCHOOL_11,,,Active,Live,,,,School Bus,,,,,,,,,2354286,{5CDA6F39-40B9-36F1-E063-792F520A9410}
SCHOOL_12,,,Active,Live,,,,School Bus,,,,,,,,,2354287,{5CDA6F39-40BA-36F1-E063-792F520A9410}
SCHOOL_13,,,Active,Live,,,,School Bus,,,,,,,,,2354288,{5CDA6F39-40BB-36F1-E063-792F520A9410}
SCHOOL_14,,,Active,Live,,,,School Bus,,,,,,,,,2354289,{5CDA6F39-40BC-36F1-E063-792F520A9410}
SCHOOL_15,,,Active,Live,,,,School Bus,,,,,,,,,2354290,{5CDA6F39-40BD-36F1-E063-792F520A9410}
SCHOOL_16,,,Active,Live,,,,School Bus,,,,,,,,,2354291,{5CDA6F39-40BE-36F1-E063-792F520A9410}
SCHOOL_17,,,Active,Live,,,,School Bus,,,,,,,,,2354292,{5CDA6F39-40BF-36F1-E063-792F520A9410}
SCHOOL_18,,,Active,Live,,,,School Bus,,,,,,,,,2354293,{5CDA6F39-40C0-36F1-E063-792F520A9410}
SCHOOL_19,,,Active,Live,,,,School Bus,,,,,,,,,2354294,{5CDA6F39-40C1-36F1-E063-792F520A9410}
SCHOOL_20,,,Active,Live,,,,School Bus,,,,,,,,,2354295,{5CDA6F39-40C2-36F1-E063-792F520A9410}
SCHOOL_21,,,Active,Live,,,,School Bus,,,,,,,,,2354296,{5CDA6F39-40C3-36F1-E063-792F520A9410}
SCHOOL_22,,,Active,Live,,,,School Bus,,,,,,,,,2354297,{5CDA6F39-40C4-36F1-E063-792F520A9410}
SCHOOL_23,,,Active,Live,,,,School Bus,,,,,,,,,2354298,{5CDA6F39-40C5-36F1-E063-792F520A9410}
SCHOOL_24,,,Active,Live,,,,School Bus,,,,,,,,,2354299,{5CDA6F39-40C6-36F1-E063-792F520A9410}
SCHOOL_25,,,Active,Live,,,,School Bus,,,,,,,,,2354300,{5CDA6F39-40C7-36F1-E063-792F520A9410}
ATE 0343,5700 BLK MACARTHUR BLVD NW N/B,1306.0,Active,Live,1706072400000.0,,,Speed,25.0,38.93418,-77.11031,390436.0,140705.0,3,3D,3D03,2354301,{5CDA6F39-40C8-36F1-E063-792F520A9410}
ATE 0329,5100 BLK LOUGHBORO RD NW W/B,1203.0,Active,Live,1769144400000.0,,,Speed,20.0,38.93577,-77.1036,391018.0,140881.0,3,3D,3D03,2354302,{5CDA6F39-40C9-36F1-E063-792F520A9410}
ATE 0186,2900 BLK ARIZONA AVE NW S/B,1302.0,Active,Live,1691726400000.0,,,Speed,25.0,38.93037,-77.09968,391357.0,140282.0,3,3D,3D02,2354303,{5CDA6F39-40CA-36F1-E063-792F520A9410}
ATE 0304,4700 BLK RESERVOIR RD NW SE/B,1303.0,Active,Live,1711339200000.0,,,Speed,25.0,38.91421,-77.09058,392144.0,138487.0,3,3D,3D06,2354304,{5CDA6F39-40CB-36F1-E063-792F520A9410}
ATE 0801,MILITARY RD E/B @ 43rd ST NW,3303.0,Active,Live,1716264000000.0,,,Stop Sign,25.0,38.96107,-77.08422,392700.0,143688.0,3,3E,3E04,2354305,{5CDA6F39-40CC-36F1-E063-792F520A9410}
ATE 0703,WISCONSIN AVE N/B @ BRANDYWINE NW,2302.0,Active,Live,1709269200000.0,,,Red Light,30.0,38.94935,-77.08019,393049.0,142386.0,3,3E,3E03,2354306,{5CDA6F39-40CD-36F1-E063-792F520A9410}
ATE 0176,2600 BLK WISCONSIN AVE NW S/B,1301.0,Active,Live,1693972800000.0,,,Speed,25.0,38.92456,-77.07329,393645.0,139634.0,3,3B,3B01,2354307,{5CDA6F39-40CE-36F1-E063-792F520A9410}
ATE 0175,2600 BLK WISCONSIN AVE NW N/B,1305.0,Active,Live,1709701200000.0,,,Speed,25.0,38.92379,-77.07316,393656.0,139549.0,3,3B,3B01,2354308,{5CDA6F39-40CF-36F1-E063-792F520A9410}
ATE 0807,3000 blk Wisconsin Ave NW n/b,1320.0,Active,Live,1742270400000.0,,,Speed,25.0,38.92913,-77.07317,393656.0,140142.0,3,3A,3A02,2354309,{5CDA6F39-40D0-36F1-E063-792F520A9410}
ATE 0599,CONNECTICUT AVE N/B @ MILITARY NW,2310.0,Active,Live,1711684800000.0,,,Red Light,30.0,38.96072,-77.073,393673.0,143648.0,3,3/4G,3/4G07,2354310,{5CDA6F39-40D1-36F1-E063-792F520A9410}
ATE 0244,37TH ST S/B @ WHITEHAVEN PKWY NW,3201.0,Active,Live,1693540800000.0,,,Stop Sign,25.0,38.91681,-77.07275,393691.0,138774.0,3,3B,3B02,2354311,{5CDA6F39-40D2-36F1-E063-792F520A9410}
ATE 0159,2400 BLK WISCONSIN AVE NW S/B,1314.0,Active,Live,1702875600000.0,,Fixed,Speed,25.0,38.92191,-77.07264,393701.0,139340.0,3,3B,3B02,2354312,{5CDA6F39-40D3-36F1-E063-792F520A9410}
ATE 0788,4500 BLK RENO RD NW S/B,7301.0,Active,Live,1716264000000.0,,,Truck Restriction,25.0,38.94883,-77.07257,393709.0,142329.0,3,3E,3E05,2354313,{5CDA6F39-40D4-36F1-E063-792F520A9410}
ATE 0158,2400 BLK WISCONSIN AVE NW N/B,1313.0,Active,Live,1702875600000.0,,Fixed,Speed,25.0,38.9212,-77.07199,393757.0,139261.0,3,3B,3B02,2354314,{5CDA6F39-40D5-36F1-E063-792F520A9410}
ATE 0608,NEBRASKA AVE NE/B @ FESSENDEN ST NW,2303.0,Active,Live,1710734400000.0,,,Red Light,30.0,38.95444,-77.07171,393785.0,142951.0,3,3F,3F06,2354315,{5CDA6F39-40D6-36F1-E063-792F520A9410}
ATE 0582,6200 BLK WESTERN AVE NW NE/B,1422.0,Active,Live,1714104000000.0,,,Speed,25.0,38.97199,-77.07127,393824.0,144899.0,4,3/4G,3/4G04,2354316,{5CDA6F39-40D7-36F1-E063-792F520A9410}
ATE 0406,CONNECTICUT AVE S/B @ NEBRASKA AVE NW,2305.0,Active,Live,1703048400000.0,,,Red Light,30.0,38.95629,-77.07068,393874.0,143157.0,3,3F,3F06,2354317,{5CDA6F39-40D8-36F1-E063-792F520A9410}
ATE 0456,M ST W/B @ WHITEHURST FRWY NW,2208.0,Active,Live,1702443600000.0,,,Red Light,25.0,38.9051,-77.06985,393941.0,137474.0,2,2E,2E05,2354318,{5CDA6F39-40D9-36F1-E063-792F520A9410}
ATE 0311,4800 BLK CONNECTICUT AVE NW S/B,1311.0,Active,Live,1700888400000.0,,Portable,Speed,25.0,38.95321,-77.0689,394028.0,142814.0,3,3F,3F04,2354319,{5CDA6F39-40DA-36F1-E063-792F520A9410}
ATE 0832,4600 blk Connecticut Ave NW s/b,1323.0,Active,Live,1759118400000.0,,,Speed,25.0,38.9508,-77.06746,394152.0,142547.0,3,3F,3F01,2354320,{5CDA6F39-40DB-36F1-E063-792F520A9410}
ATE 0831,4600 blk Connecticut Ave NW n/b,1322.0,Active,Live,1755921600000.0,,,Speed,25.0,38.95005,-77.06687,394204.0,142463.0,3,3F,3F01,2354321,{5CDA6F39-40DC-36F1-E063-792F520A9410}
ATE 0829,5300 blk Nebraska  Ave NW sw/b,1321.0,Active,Live,1743566400000.0,,,Speed,25.0,38.96042,-77.06677,394213.0,143615.0,3,3F,3F06,2354322,{5CDA6F39-40DD-36F1-E063-792F520A9410}
ATE 0522,3600 BLK 34TH ST NW S/B,1315.0,Active,Live,1711684800000.0,,Fixed,Speed,25.0,38.93791,-77.06649,394235.0,141116.0,3,3C,3C05,2354323,{5CDA6F39-40DE-36F1-E063-792F520A9410}
ATE 0813,M St w/b @ Wisconsin Ave NW,2210.0,Active,Live,1725508800000.0,,,Red Light,25.0,38.90526,-77.06228,394598.0,137491.0,2,2E,2E05,2354324,{5CDA6F39-40DF-36F1-E063-792F520A9410}
ATE 0187,2900 BLK MILITARY RD NW E/B,1403.0,Active,Live,1712030400000.0,,,Speed,25.0,38.961,-77.05993,394806.0,143679.0,4,3/4G,3/4G03,2354325,{5CDA6F39-40E0-36F1-E063-792F520A9410}
ATE 0600,CONNECTICUT AVE S/B @ PORTER ST NW,2304.0,Active,Live,1702616400000.0,,,Red Light,30.0,38.93716,-77.05954,394838.0,141032.0,3,3C,3C04,2354326,{5CDA6F39-40E1-36F1-E063-792F520A9410}
ATE 0492,POTOMAC RIVER FWY NW/B @ 25TH ST NW,1205.0,Active,Live,1710388800000.0,,,Speed,40.0,38.8982,-77.05296,395406.0,136706.0,2,2A,2A04,2354327,{5CDA6F39-40E2-36F1-E063-792F520A9410}
ATE 0604,K ST W/B @ 25TH ST NW,2211.0,Active,Live,1709701200000.0,,,Red Light,25.0,38.90261,-77.05256,395441.0,137197.0,2,2A,2A08,2354328,{5CDA6F39-40E3-36F1-E063-792F520A9410}
ATE 0142,2200 BLK K ST NW W/B,1201.0,Active,Live,1710388800000.0,,,Speed,25.0,38.90253,-77.05154,395529.0,137187.0,2,2A,2A08,2354329,{5CDA6F39-40E4-36F1-E063-792F520A9410}
ATE 0403,CONNECTICUT AVE N/B @ CALVERT ST NW,2306.0,Active,Live,1702616400000.0,,,Red Light,25.0,38.92321,-77.05121,395559.0,139483.0,3,3C,3C01,2354330,{5CDA6F39-40E5-36F1-E063-792F520A9410}
ATE 0547,2300 BLK M ST NW W/B,1214.0,Active,Live,1714104000000.0,,,Speed,25.0,38.9052,-77.05034,395634.0,137484.0,2,2A,2A06,2354331,{5CDA6F39-40E6-36F1-E063-792F520A9410}
ATE 0145,2200 BLK K ST NW E/B,1202.0,Active,Live,1711080000000.0,,,Speed,25.0,38.90253,-77.04852,395792.0,137187.0,2,2A,2A08,2354332,{5CDA6F39-40E7-36F1-E063-792F520A9410}
ATE 0585,CONNECTICUT AVE S/B @ FLORIDA AVE NW,2209.0,Active,Live,1714104000000.0,,,Red Light,25.0,38.91461,-77.0464,395976.0,138528.0,1,1C,1C01,2354333,{5CDA6F39-40E8-36F1-E063-792F520A9410}
ATE 0393,BLAGDEN AVE NE/B @ ALLISON ST NW,3403.0,Active,Live,1696046400000.0,,,Stop Sign,25.0,38.94474,-77.04343,396235.0,141873.0,4,4E,4E06,2354334,{5CDA6F39-40E9-36F1-E063-792F520A9410}
ATE 0116,19TH ST S/B @ S ST NW,3203.0,Active,Live,1705208400000.0,,,Stop Sign,25.0,38.91443,-77.04337,396239.0,138508.0,2,2B,2B01,2354335,{5CDA6F39-40EA-36F1-E063-792F520A9410}
ATE 0562,1700 BLK Q ST NW E/B,7201.0,Active,Live,1711944000000.0,,,Truck Restriction,25.0,38.9111,-77.04046,396491.0,138138.0,2,2B,2B07,2354336,{5CDA6F39-40EB-36F1-E063-792F520A9410}
ATE 0548,1700 BLK RHODE ISLAND AVE NW W/B,1540.0,Active,Live,1714104000000.0,,Fixed,Speed,25.0,38.90657,-77.03879,396636.0,137635.0,2,2B,2B05,2354337,{5CDA6F39-40EC-36F1-E063-792F520A9410}
ATE 0712,1500 BLK T ST NW E/B,7203.0,Active,Live,1716264000000.0,,,Truck Restriction,20.0,38.91563,-77.03667,396820.0,138641.0,2,2B,2B09,2354338,{5CDA6F39-40ED-36F1-E063-792F520A9410}
ATE 0784,16TH ST S/B @ IRVING ST NW,2103.0,Active,Live,1713240000000.0,,,Red Light,20.0,38.92903,-77.03657,396829.0,140129.0,1,1A,1A05,2354339,{5CDA6F39-40EE-36F1-E063-792F520A9410}
ATE 0317,4900 BLK 16TH ST NW N/B,1406.0,Active,Live,1711598400000.0,,,Speed,25.0,38.95072,-77.03657,396830.0,142536.0,4,4E,4E03,2354340,{5CDA6F39-40EF-36F1-E063-792F520A9410}
ATE 0089,16TH ST S/B @ COLORADO AVE NW,1401.0,Active,Live,1693972800000.0,,,Speed,25.0,38.95281,-77.03651,396835.0,142768.0,4,4E,4E02,2354341,{5CDA6F39-40F0-36F1-E063-792F520A9410}
ATE 0591,16TH ST S/B @ COLORADO AVE NW,2403.0,Active,Live,1712721600000.0,,,Red Light,30.0,38.95287,-77.03651,396836.0,142775.0,4,4E,4E02,2354342,{5CDA6F39-40F1-36F1-E063-792F520A9410}
ATE 0087,16TH ST N/B @ OAK ST NW,2110.0,Active,Live,1710388800000.0,,,Red Light,30.0,38.93459,-77.03636,396847.0,140746.0,1,1D,1D06,2354343,{5CDA6F39-40F2-36F1-E063-792F520A9410}
ATE 0079,1500 BLK U ST NW E/B,1116.0,Active,Live,1702875600000.0,,Fixed,Speed,25.0,38.91693,-77.0357,396904.0,138785.0,1,1B,1B07,2354344,{5CDA6F39-40F3-36F1-E063-792F520A9410}
ATE 0067,14TH ST N/B @ FORT STEVENS DR NW,3411.0,Active,Live,1710648000000.0,,,Stop Sign,25.0,38.96369,-77.03349,397097.0,143976.0,4,4A,4A06,2354345,{5CDA6F39-40F4-36F1-E063-792F520A9410}
ATE 0065,1400 BLK U ST NW E/B,1110.0,Active,Live,1702789200000.0,,Fixed,Speed,25.0,38.91716,-77.03322,397119.0,138811.0,1,1B,1B07,2354346,{5CDA6F39-40F5-36F1-E063-792F520A9410}
ATE 0408,CONSTITUTION AVE W/B @ 15TH ST NW,2221.0,Active,Live,1715659200000.0,,,Red Light,30.0,38.89222,-77.03314,397125.0,136042.0,2,2C,2C03,2354347,{5CDA6F39-40F6-36F1-E063-792F520A9410}
ATE 0596,14TH ST S/B @ U ST NW,2222.0,Active,Live,1710302400000.0,,,Red Light,25.0,38.91735,-77.03208,397218.0,138832.0,1,1B,1B07,2354348,{5CDA6F39-40F7-36F1-E063-792F520A9410}
ATE 0576,2400 BLK 14TH ST NW N/B,1123.0,Active,Live,1714104000000.0,,,Speed,25.0,38.92126,-77.03185,397238.0,139266.0,1,1B,1B03,2354349,{5CDA6F39-40F8-36F1-E063-792F520A9410}
ATE 0578,1800 BLK 14TH ST NW N/B,1125.0,Active,Live,1714104000000.0,,,Speed,25.0,38.91475,-77.03184,397239.0,138543.0,1,1B,1B08,2354350,{5CDA6F39-40F9-36F1-E063-792F520A9410}
ATE 0787,14TH ST N/B @ C ST SW,2206.0,Active,Live,1707368400000.0,,,Red Light,25.0,38.8856,-77.03178,397243.0,135307.0,2,2A,2A01,2354351,{5CDA6F39-40FA-36F1-E063-792F520A9410}
ATE 0042,1300 BLK MISSOURI AVE NW E/B,1418.0,Active,Live,1700888400000.0,,Fixed,Speed,30.0,38.96169,-77.03167,397255.0,143754.0,4,4A,4A06,2354352,{5CDA6F39-40FB-36F1-E063-792F520A9410}
ATE 0050,13TH ST N/B @ QUINCY ST NW,3407.0,Active,Live,1705208400000.0,,,Stop Sign,25.0,38.93731,-77.02979,397418.0,141048.0,4,4C,4C03,2354353,{5CDA6F39-40FC-36F1-E063-792F520A9410}
ATE 0049,13TH ST N/B @ LONGFELLOW ST NW,3409.0,Active,Live,1710648000000.0,,,Stop Sign,25.0,38.9568,-77.02977,397420.0,143211.0,4,4E,4E01,2354354,{5CDA6F39-40FD-36F1-E063-792F520A9410}
ATE 0052,13TH ST S/B @ MADISON ST NW,3405.0,Active,Live,1705208400000.0,,,Stop Sign,25.0,38.95878,-77.02977,397420.0,143431.0,4,4E,4E01,2354355,{5CDA6F39-40FE-36F1-E063-792F520A9410}
ATE 0053,13TH ST S/B @ RANDOLPH ST NW,3802.0,Active,Live,1705208400000.0,,,Stop Sign,25.0,38.93899,-77.02963,397431.0,141234.0,4,4C,4C02,2354356,{5CDA6F39-40FF-36F1-E063-792F520A9410}
ATE 0341,5700 BLK GEORGIA AVE NW S/B,1413.0,Active,Live,1736830800000.0,,Fixed,Speed,25.0,38.95961,-77.02824,397552.0,143523.0,4,4D,4D01,2354357,{5CDA6F39-4100-36F1-E063-792F520A9410}
ATE 0603,GEORGIA AVE S/B @ MISSOURI AVE NW,2404.0,Active,Live,1710388800000.0,,,Red Light,30.0,38.96167,-77.02809,397565.0,143752.0,4,4A,4A06,2354358,{5CDA6F39-4101-36F1-E063-792F520A9410}
ATE 0365,6000 BLK GEORGIA AVE NW S/B,1416.0,Active,Live,1736830800000.0,,Fixed,Speed,25.0,38.96314,-77.02804,397570.0,143915.0,4,4A,4A06,2354359,{5CDA6F39-4102-36F1-E063-792F520A9410}
ATE 0034,12TH ST N/B @ CONSTITUTION AVE NW,2220.0,Active,Live,1710302400000.0,,,Red Light,30.0,38.89176,-77.02798,397573.0,135991.0,2,2C,2C03,2354360,{5CDA6F39-4103-36F1-E063-792F520A9410}
ATE 0364,6000 BLK GEORGIA AVE NW N/B,1415.0,Active,Live,1736830800000.0,,Fixed,Speed,25.0,38.96329,-77.02783,397588.0,143931.0,4,4A,4A06,2354361,{5CDA6F39-4104-36F1-E063-792F520A9410}
ATE 0320,4900 BLK GEORGIA AVE NW S/B,1412.0,Active,Live,1736830800000.0,,Fixed,Speed,25.0,38.95012,-77.02731,397633.0,142469.0,4,4D,4D04,2354362,{5CDA6F39-4105-36F1-E063-792F520A9410}
ATE 0012,1000 BLK U ST NW E/B,1109.0,Active,Live,1702875600000.0,,Fixed,Speed,25.0,38.91694,-77.02656,397697.0,138786.0,1,1B,1B02,2354363,{5CDA6F39-4106-36F1-E063-792F520A9410}
ATE 0818,Massachusetts Ave e/b @ 9th St NW,2212.0,Active,Live,1732338000000.0,,,Red Light,25.0,38.90341,-77.02582,397760.0,137284.0,2,2C,2C04,2354364,{5CDA6F39-4107-36F1-E063-792F520A9410}
ATE 0248,3900 BLK GEORGIA AVE NW S/B,1419.0,Active,Live,1741924800000.0,,Fixed,Speed,25.0,38.93959,-77.02472,397857.0,141300.0,4,4C,4C02,2354365,{5CDA6F39-4108-36F1-E063-792F520A9410}
ATE 0037,1300 BLK 9TH ST NW S/B,1204.0,Active,Live,1711771200000.0,,,Speed,25.0,38.90868,-77.02406,397913.0,137869.0,2,2G,2G02,2354366,{5CDA6F39-4109-36F1-E063-792F520A9410}
ATE 0452,KANSAS AVE NE/B @ BUCHANAN ST NW,3401.0,Active,Live,1693540800000.0,,,Stop Sign,30.0,38.94591,-77.02306,398001.0,142002.0,4,4C,4C05,2354367,{5CDA6F39-410A-36F1-E063-792F520A9410}
ATE 0162,2500 BLK GEORGIA AVE NW S/B,1114.0,Active,Live,1741924800000.0,,,Speed,25.0,38.92271,-77.02294,398011.0,139427.0,1,1E,1E05,2354368,{5CDA6F39-410B-36F1-E063-792F520A9410}
ATE 0171,2600 BLK GEORGIA AVE NW N/B,1115.0,Active,Live,1741924800000.0,,Portable,Speed,25.0,38.9242,-77.0224,398058.0,139592.0,1,1E,1E05,2354369,{5CDA6F39-410C-36F1-E063-792F520A9410}
ATE 0580,1500 BLK 7TH ST NW N/B,1212.0,Active,Live,1714104000000.0,,,Speed,25.0,38.91016,-77.022,398092.0,138033.0,2,2G,2G02,2354370,{5CDA6F39-410D-36F1-E063-792F520A9410}
ATE 0581,1500 BLK 7TH ST NW S/B,1213.0,Active,Live,1714104000000.0,,,Speed,25.0,38.91067,-77.022,398092.0,138090.0,2,2G,2G02,2354371,{5CDA6F39-410E-36F1-E063-792F520A9410}
ATE 0140,2200 BLK GEORGIA AVE NW S/B,1113.0,Active,Live,1702875600000.0,,Portable,Speed,25.0,38.9196,-77.022,398092.0,139082.0,1,1E,1E07,2354372,{5CDA6F39-410F-36F1-E063-792F520A9410}
ATE 0358,600 BLK NEW YORK AVE NW E/B,1208.0,Active,Live,1703912400000.0,,Fixed,Speed,25.0,38.90365,-77.02096,398182.0,137311.0,2,2G,2G06,2354373,{5CDA6F39-4110-36F1-E063-792F520A9410}
ATE 0359,600 BLK NEW YORK AVE NW W/B,1209.0,Active,Live,1703912400000.0,,Fixed,Speed,25.0,38.90355,-77.02013,398254.0,137300.0,2,2G,2G06,2354374,{5CDA6F39-4111-36F1-E063-792F520A9410}
ATE 0837,7200 blk Piney Branch Rd NW sw/b,1414.0,Active,Live,1762578000000.0,,,Speed,25.0,38.97778,-77.01949,398311.0,145540.0,4,4B,4B01,2354375,{5CDA6F39-4112-36F1-E063-792F520A9410}
ATE 0260,400 BLK RHODE ISLAND AVE NW E/B,1503.0,Active,Live,1773028800000.0,, ,Speed,25.0,38.91313,-77.01923,398332.0,138362.0,2,2G,2G01,2354376,{5CDA6F39-4113-36F1-E063-792F520A9410}
ATE 0589,500 BLK MASSACHUSETTS AVE NW E/B,1210.0,Active,Live,1714449600000.0,,,Speed,25.0,38.9012,-77.01919,398335.0,137039.0,2,2C,2C01,2354377,{5CDA6F39-4114-36F1-E063-792F520A9410}
ATE 0418,DC295 SW 0.05 MILE S/O EXIT 1 N/B,1802.0,Active,Live,1710388800000.0,,,Speed,50.0,38.8224,-77.01675,398545.0,128291.0,8,8D,8D01,2354378,{5CDA6F39-4115-36F1-E063-792F520A9410}
ATE 0484,NEW YORK AVE W/B @ 4TH ST NW,2605.0,Active,Live,1714104000000.0,,Fixed,Red Light,25.0,38.90512,-77.01582,398628.0,137474.0,2,2G,2G06,2354379,{5CDA6F39-4116-36F1-E063-792F520A9410}
ATE 0447,INDEPENDENCE AVE E/B @ 3RD ST SW,2603.0,Active,Live,1710820800000.0,,,Red Light,30.0,38.88746,-77.01571,398637.0,135513.0,2,2C,2C03,2354380,{5CDA6F39-4117-36F1-E063-792F520A9410}
ATE 0193,300 BLK NEW YORK AVE NW W/B,1207.0,Active,Live,1702875600000.0,,Fixed,Speed,25.0,38.90536,-77.0154,398664.0,137500.0,2,2G,2G06,2354381,{5CDA6F39-4118-36F1-E063-792F520A9410}
ATE 0369,6600 BLK BLAIR RD NW S/B,1408.0,Active,Live,1706245200000.0,,,Speed,25.0,38.97039,-77.01536,398669.0,144719.0,4,4B,4B07,2354382,{5CDA6F39-4119-36F1-E063-792F520A9410}
ATE 0125,200 BLK RHODE ISLAND AVE NW E/B,1119.0,Active,Live,1707454800000.0,,Fixed,Speed,25.0,38.91469,-77.01494,398704.0,138536.0,1,1B,1B01,2354383,{5CDA6F39-411A-36F1-E063-792F520A9410}
ATE 0257,3RD ST TUNNEL NW S/B BY 3RD ST,1604.0,Active,Live,1711339200000.0,,,Speed,45.0,38.90263,-77.01485,398711.0,137198.0,6,6E,6E08,2354384,{5CDA6F39-411B-36F1-E063-792F520A9410}
ATE 0126,200 BLK RHODE ISLAND AVE NW W/B,1120.0,Active,Live,1707454800000.0,,Fixed,Speed,25.0,38.91501,-77.01472,398723.0,138572.0,1,1B,1B01,2354385,{5CDA6F39-411C-36F1-E063-792F520A9410}
ATE 0008,100 BLK MICHIGAN AVE NW E/B,1112.0,Active,Live,1695182400000.0,,,Speed,25.0,38.92626,-77.01436,398755.0,139820.0,1,1E,1E05,2354386,{5CDA6F39-411D-36F1-E063-792F520A9410}
ATE 0256,3RD ST TUNNEL NW N/B BY MA AVE,1601.0,Active,Live,1711512000000.0,,,Speed,45.0,38.89627,-77.01413,398775.0,136491.0,6,6E,6E08,2354387,{5CDA6F39-411E-36F1-E063-792F520A9410}
ATE 0124,200 BLK NEW YORK AVE NW E/B,1206.0,Active,Live,1702875600000.0,,,Speed,25.0,38.90554,-77.01398,398787.0,137520.0,5,5E,5E01,2354388,{5CDA6F39-411F-36F1-E063-792F520A9410}
ATE 0526,1000 BLK NEW JERSEY AVE NW N/B,1612.0,Active,Live,1711684800000.0,,Portable,Speed,25.0,38.90307,-77.01384,398799.0,137246.0,6,6E,6E03,2354389,{5CDA6F39-4120-36F1-E063-792F520A9410}
ATE 0117,1ST ST S/B @ N ST NW,3603.0,Active,Live,1705208400000.0,,,Stop Sign,25.0,38.90779,-77.0121,398950.0,137770.0,5,5E,5E01,2354390,{5CDA6F39-4121-36F1-E063-792F520A9410}
ATE 0835,4000 blk MLK Jr Ave SW sw/b,1833.0,Active,Live,1755921600000.0,,,Speed,25.0,38.83005,-77.01182,398974.0,129140.0,8,8D,8D01,2354391,{5CDA6F39-4122-36F1-E063-792F520A9410}
ATE 0561,UNIT BLK H ST NW W/B,1607.0,Active,Live,1711684800000.0,,,Speed,25.0,38.90033,-77.01062,399079.0,136942.0,6,6E,6E07,2354392,{5CDA6F39-4123-36F1-E063-792F520A9410}
ATE 0822,RI Ave e/b @ N Capitol St NW,2510.0,Active,Live,1732338000000.0,,,Red Light,25.0,38.91655,-77.00974,399155.0,138743.0,5,5E,5E04,2354393,{5CDA6F39-4124-36F1-E063-792F520A9410}
ATE 0183,2800 BLK N CAPITOL ST NW S/B,1513.0,Active,Live,1712030400000.0,,,Speed,25.0,38.92565,-77.00917,399205.0,139753.0,5,5E,5E05,2354394,{5CDA6F39-4125-36F1-E063-792F520A9410}
ATE 0338,5500 BLK NORTH CAPITOL ST NW S/B,1417.0,Active,Live,1702875600000.0,,Portable,Speed,25.0,38.92566,-77.00917,399205.0,139754.0,5,5E,5E05,2354395,{5CDA6F39-4126-36F1-E063-792F520A9410}
ATE 0472,N CAPITOL ST S/B @ H ST NW,2604.0,Active,Live,1710993600000.0,,,Red Light,25.0,38.90057,-77.00907,399213.0,136969.0,6,6E,6E07,2354396,{5CDA6F39-4127-36F1-E063-792F520A9410}
ATE 0375,700 BLK N CAPITOL ST NE N/B,1611.0,Active,Live,1707368400000.0,,Portable,Speed,25.0,38.8991,-77.00896,399223.0,136806.0,6,6E,6E07,2354397,{5CDA6F39-4128-36F1-E063-792F520A9410}
ATE 0094,1700 BLK N CAPITOL ST NE N/B,1501.0,Active,Live,1691726400000.0,,,Speed,25.0,38.91248,-77.00896,399223.0,138291.0,5,5E,5E02,2354398,{5CDA6F39-4129-36F1-E063-792F520A9410}
ATE 0523,5600 BLK NORTH CAPITOL ST NE N/B,1421.0,Active,Live,1711684800000.0,,Fixed,Speed,25.0,38.95798,-77.00896,399223.0,143342.0,4,4B,4B08,2354399,{5CDA6F39-412A-36F1-E063-792F520A9410}
ATE 0606,N CAPITOL ST N/B @ RIGGS RD NE,2402.0,Active,Live,1710907200000.0,,,Red Light,50.0,38.95446,-77.00895,399224.0,142951.0,4,4D,4D08,2354400,{5CDA6F39-412B-36F1-E063-792F520A9410}
ATE 0166,2500 BLK NORTH CAPITOL ST NE N/B,1532.0,Active,Live,1702875600000.0,,,Speed,25.0,38.92186,-77.00894,399225.0,139332.0,5,5E,5E05,2354401,{5CDA6F39-412C-36F1-E063-792F520A9410}
ATE 0593,NEW YORK AVE SW/B @ N CAPITOL ST NE,2507.0,Active,Live,1711771200000.0,,,Red Light,25.0,38.90765,-77.00854,399259.0,137755.0,5,5F,5F07,2354402,{5CDA6F39-412D-36F1-E063-792F520A9410}
ATE 0478,NEW YORK AVE SW/B @ N CAPITOL ST NE,1526.0,Active,Live,1693972800000.0,,,Speed,25.0,38.90765,-77.00852,399261.0,137755.0,5,5F,5F07,2354403,{5CDA6F39-412E-36F1-E063-792F520A9410}
ATE 0605,N CAPITOL ST N/B @ HAREWOOD RD NE,2504.0,Active,Live,1710475200000.0,,,Red Light,40.0,38.94202,-77.00804,399303.0,141570.0,5,5A,5A04,2354404,{5CDA6F39-412F-36F1-E063-792F520A9410}
ATE 0199,3000 BLK N CAPITOL ST NW S/B,1606.0,Active,Live,1709701200000.0,,,Speed,40.0,38.92983,-77.00796,399310.0,140217.0,5,5A,5A04,2354405,{5CDA6F39-4130-36F1-E063-792F520A9410}
ATE 0284,4300 BLK SOUTH CAPITOL ST SW S/B,1803.0,Active,Live,1711771200000.0,,,Speed,30.0,38.82727,-77.00774,399328.0,128832.0,8,8D,8D06,2354406,{5CDA6F39-4131-36F1-E063-792F520A9410}
ATE 0516,UNIT BLK RIGGS RD NE NE/B,1558.0,Active,Live,1698897600000.0,,Portable,Speed,25.0,38.95515,-77.00706,399388.0,143027.0,4,4B,4B08,2354407,{5CDA6F39-4132-36F1-E063-792F520A9410}
ATE 0541,4500 BLK SOUTH CAPITOL ST SE N/B,1824.0,Active,Live,1711684800000.0,,Portable,Speed,25.0,38.82454,-77.00625,399458.0,128528.0,8,8D,8D05,2354408,{5CDA6F39-4133-36F1-E063-792F520A9410}
ATE 0345,5800 BLK NEW HAMPSHIRE AVE NE SW/B,1409.0,Active,Live,1742961600000.0,,,Speed,25.0,38.96129,-77.00595,399484.0,143709.0,4,4B,4B06,2354409,{5CDA6F39-4134-36F1-E063-792F520A9410}
ATE 0542,4600 BLK SOUTH CAPITOL ST SW S/B,1825.0,Active,Live,1711684800000.0,,Portable,Speed,30.0,38.82355,-77.00549,399523.0,128418.0,8,8D,8D03,2354410,{5CDA6F39-4135-36F1-E063-792F520A9410}
ATE 0127,200 BLK RIGGS RD NE E/B,1404.0,Active,Live,1712030400000.0,,,Speed,25.0,38.95572,-77.00438,399620.0,143091.0,4,4B,4B08,2354411,{5CDA6F39-4136-36F1-E063-792F520A9410}
ATE 0121,200 BLK H ST NE E/B,1603.0,Active,Live,1710648000000.0,,,Speed,25.0,38.90008,-77.00437,399621.0,136915.0,6,6C,6C04,2354412,{5CDA6F39-4137-36F1-E063-792F520A9410}
ATE 0479,NEW YORK AVE W/B @ FLORIDA AVE NE,2505.0,Active,Live,1712721600000.0,,,Red Light,30.0,38.90913,-77.00431,399627.0,137919.0,5,5D,5D01,2354413,{5CDA6F39-4138-36F1-E063-792F520A9410}
ATE 0833,5500 blk S Dakota Ave NE se/b,1423.0,Active,Live,1755921600000.0,,,Speed,25.0,38.95621,-77.00166,399856.0,143145.0,4,4B,4B09,2354414,{5CDA6F39-4139-36F1-E063-792F520A9410}
ATE 0324,4TH ST N/B @ CHESAPEAKE ST SE,3807.0,Active,Live,1710648000000.0,,,Stop Sign,25.0,38.82867,-77.00065,399943.0,128987.0,8,8D,8D03,2354415,{5CDA6F39-413A-36F1-E063-792F520A9410}
ATE 0335,5400 BLK S DAKOTA AVE NE NW/B,1539.0,Active,Live,1707454800000.0,,Fixed,Speed,25.0,38.95495,-76.9997,400026.0,143005.0,5,5A,5A01,2354416,{5CDA6F39-413B-36F1-E063-792F520A9410}
ATE 0161,2500 BLK FIRTH STERLING AVE SE W/B,1816.0,Active,Live,1703912400000.0,,Fixed,Speed,25.0,38.86204,-76.99882,400102.0,132691.0,8,8C,8C01,2354417,{5CDA6F39-413C-36F1-E063-792F520A9410}
ATE 0363,600 BLK SOUTHERN AVE SE NE/B,1817.0,Active,Live,1705986000000.0,,Fixed,Speed,30.0,38.82456,-76.99696,400264.0,128531.0,8,8E,8E09,2354418,{5CDA6F39-413D-36F1-E063-792F520A9410}
ATE 0357,600 BLK NEW YORK AVE NE E/B,1523.0,Active,Live,1710993600000.0,,,Speed,35.0,38.91197,-76.99533,400405.0,138234.0,5,5D,5D01,2354419,{5CDA6F39-413E-36F1-E063-792F520A9410}
ATE 0459,MALCOLM X AVE W/B @ 7TH ST SE,3806.0,Active,Live,1710648000000.0,,,Stop Sign,30.0,38.84504,-76.99532,400407.0,130805.0,8,8C,8C03,2354420,{5CDA6F39-413F-36F1-E063-792F520A9410}
ATE 0525,5100 BLK S DAKOTA AVE NE SE/B,1538.0,Active,Live,1709269200000.0,,Fixed,Speed,25.0,38.95107,-76.99487,400445.0,142575.0,5,5A,5A08,2354421,{5CDA6F39-4140-36F1-E063-792F520A9410}
ATE 0360,600 BLK NEW YORK AVE NE W/B,1525.0,Active,Live,1711598400000.0,,Fixed,Speed,35.0,38.91257,-76.99432,400493.0,138301.0,5,5D,5D01,2354422,{5CDA6F39-4141-36F1-E063-792F520A9410}
ATE 0164,2500 BLK MARTIN LUTHER KING AVE SE n/b,1811.0,Active,Live,1711425600000.0,,,Speed,25.0,38.86095,-76.99424,400500.0,132570.0,8,8C,8C01,2354423,{5CDA6F39-4142-36F1-E063-792F520A9410}
ATE 0701,RHODE ISLAND AVE SW/B @ REED ST NE,2506.0,Active,Live,1711598400000.0,,,Red Light,30.0,38.92223,-76.99349,400565.0,139373.0,5,5B,5B04,2354424,{5CDA6F39-4143-36F1-E063-792F520A9410}
ATE 0168,2500 BLK SHERIDAN ROAD SE N/B,1821.0,Active,Live,1767416400000.0,,Portable,Speed,20.0,38.8591,-76.99333,400579.0,132365.0,8,8B,8B04,2354425,{5CDA6F39-4144-36F1-E063-792F520A9410}
ATE 0444,I-695 OFF RAMP E/B @ 11TH ST SE,2601.0,Active,Live,1711684800000.0,,,Red Light,35.0,38.87782,-76.9921,400685.0,134443.0,6,6B,6B01,2354426,{5CDA6F39-4145-36F1-E063-792F520A9410}
ATE 0800,1100 BLK INDEPENDENCE AVE SE E/B,7602.0,Active,Live,1716264000000.0,,,Truck Restriction,25.0,38.88766,-76.99165,400724.0,135536.0,6,6B,6B05,2354427,{5CDA6F39-4146-36F1-E063-792F520A9410}
ATE 0035,12TH ST N/B @ OTIS ST NE,3504.0,Active,Live,1705208400000.0,,,Stop Sign,25.0,38.93402,-76.9912,400763.0,140682.0,5,5B,5B02,2354428,{5CDA6F39-4147-36F1-E063-792F520A9410}
ATE 0387,9TH ST SE/B @ BARNABY ST SE,3809.0,Active,Live,1706677200000.0,,,Stop Sign,20.0,38.83248,-76.99119,400765.0,129410.0,8,8E,8E06,2354429,{5CDA6F39-4148-36F1-E063-792F520A9410}
ATE 0333,5300 BLK EASTERN AVE NE SE/B,1508.0,Active,Live,1709701200000.0,,,Speed,25.0,38.95676,-76.99115,400767.0,143206.0,5,5A,5A01,2354430,{5CDA6F39-4149-36F1-E063-792F520A9410}
ATE 0828,1100 blk  Brentwood  Rd NE n/b,1567.0,Active,Live,1743566400000.0,,,Speed,25.0,38.92,-76.9903,400841.0,139126.0,5,5C,5C05,2354431,{5CDA6F39-414A-36F1-E063-792F520A9410}
ATE 0564,4000 BLK 12TH ST NE N/B,7501.0,Active,Live,1711944000000.0,,,Truck Restriction,25.0,38.93912,-76.9901,400858.0,141248.0,5,5B,5B05,2354432,{5CDA6F39-414B-36F1-E063-792F520A9410}
ATE 0313,4800 BLK S DAKOTA AVE NE NW/B,1507.0,Active,Live,1711944000000.0,,,Speed,25.0,38.94743,-76.98981,400883.0,142170.0,5,5A,5A02,2354433,{5CDA6F39-414C-36F1-E063-792F520A9410}
ATE 0820,Southern Ave ne/b @ Wheeler Rd SE,2803.0,Active,Live,1732338000000.0,,,Red Light,30.0,38.8318,-76.98757,401079.0,129335.0,8,8E,8E06,2354434,{5CDA6F39-414D-36F1-E063-792F520A9410}
ATE 0040,1300 BLK H ST NE E/B,1602.0,Active,Live,1710561600000.0,,,Speed,25.0,38.90016,-76.98742,401091.0,136923.0,6,6A,6A01,2354435,{5CDA6F39-414E-36F1-E063-792F520A9410}
ATE 0560,1400 BLK MORRIS RD SE SE/B,1820.0,Active,Warning,1784088000000.0,,,Speed,20.0,38.85965,-76.98711,401119.0,132426.0,8,8A,8A04,2354436,{5CDA6F39-414F-36F1-E063-792F520A9410}
ATE 0045,1300 BLK RHODE ISLAND AVE NE W/B,1534.0,Active,Live,1741665600000.0,,Fixed,Speed,25.0,38.92431,-76.98687,401139.0,139604.0,5,5B,5B03,2354437,{5CDA6F39-4150-36F1-E063-792F520A9410}
ATE 0044,1300 BLK RHODE ISLAND AVE NE E/B,1533.0,Active,Live,1741665600000.0,,Fixed,Speed,25.0,38.92411,-76.98651,401170.0,139582.0,5,5B,5B03,2354438,{5CDA6F39-4151-36F1-E063-792F520A9410}
ATE 0505,STANTON RD S/B @ ELVANS RD SE,3808.0,Active,Live,1710648000000.0,,,Stop Sign,25.0,38.85481,-76.98615,401202.0,131889.0,8,8B,8B04,2354439,{5CDA6F39-4152-36F1-E063-792F520A9410}
ATE 0814,Rhode Island Ave ne/b @ Montana Ave NE,2511.0,Active,Live,1725508800000.0,,,Red Light,30.0,38.92431,-76.98603,401212.0,139604.0,5,5B,5B03,2354440,{5CDA6F39-4153-36F1-E063-792F520A9410}
ATE 0554,1500 BLK NEW YORK AVE NE SW/B,1546.0,Active,Live,1714104000000.0,,Fixed,Speed,35.0,38.91662,-76.98268,401502.0,138750.0,5,5D,5D02,2354441,{5CDA6F39-4154-36F1-E063-792F520A9410}
ATE 0508,SUITLAND PKWY W/B @ STANTON RD SE,1805.0,Active,Live,1710907200000.0,,,Speed,35.0,38.8537,-76.98263,401508.0,131765.0,8,8B,8B03,2354442,{5CDA6F39-4155-36F1-E063-792F520A9410}
ATE 0549,800 BLK BLADENSBURG RD NE N/B,1541.0,Active,Live,1714104000000.0,,Fixed,Speed,25.0,38.90107,-76.9826,401509.0,137024.0,5,5D,5D07,2354443,{5CDA6F39-4156-36F1-E063-792F520A9410}
ATE 0553,1500 BLK NEW YORK AVE NE NE/B,1545.0,Active,Live,1714104000000.0,,Fixed,Speed,35.0,38.9165,-76.98239,401527.0,138737.0,5,5D,5D02,2354444,{5CDA6F39-4157-36F1-E063-792F520A9410}
ATE 0524,1500 BLK RHODE ISLAND AVE NE NE/B,1535.0,Active,Live,1741665600000.0,,Fixed,Speed,25.0,38.92586,-76.98239,401527.0,139776.0,5,5B,5B03,2354445,{5CDA6F39-4158-36F1-E063-792F520A9410}
ATE 0556,1600 BLK RHODE ISLAND AVE NE SW/B,1536.0,Active,Live,1711684800000.0,,Fixed,Speed,25.0,38.92617,-76.98232,401533.0,139811.0,5,5B,5B03,2354446,{5CDA6F39-4159-36F1-E063-792F520A9410}
ATE 0083,1600 BLK MICHIGAN AVE NE W/B,1531.0,Active,Live,1711684800000.0,,,Speed,25.0,38.9426,-76.98219,401544.0,141634.0,5,5B,5B01,2354447,{5CDA6F39-415A-36F1-E063-792F520A9410}
ATE 0840,1600 blk Monroe St NE w/b,1506.0,Active,Live,1777176000000.0,,,Speed,25.0,38.93308,-76.98135,401617.0,140578.0,5,5B,5B06,2354448,{5CDA6F39-415B-36F1-E063-792F520A9410}
ATE 0706,1100 BLK BLADENSBURG RD NE SW/B,1548.0,Active,Live,1714104000000.0,,,Speed,25.0,38.90433,-76.9808,401665.0,137386.0,5,5D,5D06,2354449,{5CDA6F39-415C-36F1-E063-792F520A9410}
ATE 0705,1100 BLK BLADENSBURG RD NE NE/B,1547.0,Active,Live,1714104000000.0,,,Speed,25.0,38.90418,-76.98055,401687.0,137369.0,5,5D,5D06,2354450,{5CDA6F39-415D-36F1-E063-792F520A9410}
ATE 0821,Stanton Rd s/b @ Alabama Ave SE,2804.0,Active,Live,1734325200000.0,,,Red Light,20.0,38.84726,-76.98034,401707.0,131051.0,8,8C,8C08,2354451,{5CDA6F39-415E-36F1-E063-792F520A9410}
ATE 0827,1700 blk Montana  Ave NE nw/b,1566.0,Active,Live,1780113600000.0,,,Speed,20.0,38.92031,-76.9796,401769.0,139160.0,5,5C,5C06,2354452,{5CDA6F39-415F-36F1-E063-792F520A9410}
ATE 0586,BLADENSBURG RD S/B @ 17TH ST NE,2509.0,Active,Live,1714104000000.0,,,Red Light,30.0,38.90712,-76.97901,401821.0,137696.0,5,5C,5C04,2354453,{5CDA6F39-4160-36F1-E063-792F520A9410}
ATE 0054,1400 BLK BLADENSBURG RD NE S/B,1559.0,Active,Live,1721188800000.0,,,Speed,25.0,38.90993,-76.97729,401970.0,138008.0,5,5C,5C04,2354454,{5CDA6F39-4161-36F1-E063-792F520A9410}
ATE 0704,1400 BLK BLADENSBURG RD NE N/B,1560.0,Active,Live,1721188800000.0,,,Speed,25.0,38.90975,-76.97701,401994.0,137988.0,5,5C,5C04,2354455,{5CDA6F39-4162-36F1-E063-792F520A9410}
ATE 0064,1400 BLK SOUTHERN AVE SE SW/B,1812.0,Active,Live,1712030400000.0,,,Speed,25.0,38.84028,-76.97698,401999.0,130276.0,8,8E,8E05,2354456,{5CDA6F39-4163-36F1-E063-792F520A9410}
ATE 0113,1900 BLK SOUTHERN AVE SE NE/B,1813.0,Active,Live,1711598400000.0,,,Speed,30.0,38.8417,-76.97495,402175.0,130434.0,8,8E,8E05,2354457,{5CDA6F39-4164-36F1-E063-792F520A9410}
ATE 0141,2200 BLK IRVING ST SE W/B,1804.0,Active,Live,1711339200000.0,,,Speed,20.0,38.85308,-76.9731,402335.0,131697.0,8,8B,8B03,2354458,{5CDA6F39-4165-36F1-E063-792F520A9410}
ATE 0148,2300 BLK ALABAMA AVE SE SW/B,1814.0,Active,Live,1700888400000.0,,Portable,Speed,25.0,38.85111,-76.97298,402345.0,131479.0,8,8C,8C05,2354459,{5CDA6F39-4166-36F1-E063-792F520A9410}
ATE 0597,BLADENSBURG RD N/B @ NY AVE NE,2503.0,Active,Live,1706590800000.0,,,Red Light,30.0,38.91691,-76.97267,402370.0,138783.0,5,5C,5C04,2354460,{5CDA6F39-4167-36F1-E063-792F520A9410}
ATE 0147,2300 BLK ALABAMA AVE SE NE/B,1815.0,Active,Warning,1784088000000.0,,Portable,Speed,20.0,38.85132,-76.97239,402397.0,131502.0,8,8B,8B03,2354461,{5CDA6F39-4168-36F1-E063-792F520A9410}
ATE 0819,Bladensburg Rd s/b @ NY Ave NE,2512.0,Active,Live,1732338000000.0,,,Red Light,25.0,38.91785,-76.97227,402405.0,138887.0,5,5C,5C04,2354462,{5CDA6F39-4169-36F1-E063-792F520A9410}
ATE 0155,2400 BLK BENNING RD NE NW/B,1529.0,Active,Live,1705986000000.0,,Fixed,Speed,25.0,38.89812,-76.97109,402508.0,136697.0,5,5D,5D09,2354463,{5CDA6F39-416A-36F1-E063-792F520A9410}
ATE 0206,3100 BLK S DAKOTA AVE NE SE/B,1537.0,Active,Live,1707454800000.0,,,Speed,25.0,38.93015,-76.97044,402563.0,140253.0,5,5B,5B07,2354464,{5CDA6F39-416B-36F1-E063-792F520A9410}
ATE 0532,2500 BLK PENNSYLVANIA AVE SE SE/B,1741.0,Active,Live,1742443200000.0,,Fixed,Speed,25.0,38.87325,-76.97043,402566.0,133936.0,7,7B,7B01,2354465,{5CDA6F39-416C-36F1-E063-792F520A9410}
ATE 0700,PENNSYLVANIA AVE W/B @ MINNESOTA SE,2702.0,Active,Live,1712721600000.0,,,Red Light,30.0,38.87332,-76.97031,402576.0,133944.0,7,7B,7B01,2354466,{5CDA6F39-416D-36F1-E063-792F520A9410}
ATE 0558,2500 BLK PENNSYLVANIA AVE SE NW/B,1740.0,Active,Live,1742443200000.0,,,Speed,25.0,38.87309,-76.9693,402664.0,133919.0,7,7B,7B01,2354467,{5CDA6F39-416E-36F1-E063-792F520A9410}
ATE 0179,27TH ST N/B @ R ST SE,3701.0,Active,Live,1693540800000.0,,,Stop Sign,20.0,38.869,-76.96907,402684.0,133465.0,7,7B,7B03,2354468,{5CDA6F39-416F-36F1-E063-792F520A9410}
ATE 0170,2500 BLK SOUTHERN AVE SE NE/B,1818.0,Active,Live,1703912400000.0,,Fixed,Speed,30.0,38.84646,-76.96888,402701.0,130962.0,8,8E,8E02,2354469,{5CDA6F39-4170-36F1-E063-792F520A9410}
ATE 0823,3800 blk Eastern Ave NE se/b,1563.0,Active,Live,1734066000000.0,,,Speed,25.0,38.93736,-76.96612,402937.0,141053.0,5,5B,5B07,2354470,{5CDA6F39-4171-36F1-E063-792F520A9410}
ATE 0552,2700 BLK BLADENSBURG RD NE S/B,1562.0,Active,Live,1721188800000.0,,Fixed,Speed,25.0,38.92462,-76.96603,402946.0,139639.0,5,5C,5C02,2354471,{5CDA6F39-4172-36F1-E063-792F520A9410}
ATE 0551,2700 BLK BLADENSBURG RD NE N/B,1561.0,Active,Live,1721188800000.0,,Fixed,Speed,25.0,38.92486,-76.96535,403005.0,139666.0,5,5C,5C02,2354472,{5CDA6F39-4173-36F1-E063-792F520A9410}
ATE 0824,3800 blk Eastern Ave NE nw/b,1564.0,Active,Live,1734066000000.0,,,Speed,25.0,38.93663,-76.96517,403020.0,140972.0,5,5B,5B07,2354473,{5CDA6F39-4174-36F1-E063-792F520A9410}
ATE 0200,3000 BLK PENNSYLVANIA AVE SE NW/B,1714.0,Active,Live,1742443200000.0,,,Speed,25.0,38.87067,-76.96353,403165.0,133650.0,7,7B,7B02,2354474,{5CDA6F39-4175-36F1-E063-792F520A9410}
ATE 0204,3100 BLK ALABAMA AVE SE NE/B,1702.0,Active,Live,1693972800000.0,,,Speed,25.0,38.8612,-76.96331,403184.0,132599.0,7,7B,7B02,2354475,{5CDA6F39-4176-36F1-E063-792F520A9410}
ATE 0207,3200 BLK ALABAMA AVE SE W/B,1703.0,Active,Live,1691726400000.0,,,Speed,25.0,38.86181,-76.96134,403355.0,132666.0,7,7B,7B02,2354476,{5CDA6F39-4177-36F1-E063-792F520A9410}
ATE 0528,1200 BLK BRANCH AVE SE N/B,1734.0,Active,Live,1711684800000.0,,Fixed,Speed,25.0,38.87486,-76.96097,403387.0,134115.0,7,7B,7B04,2354477,{5CDA6F39-4178-36F1-E063-792F520A9410}
ATE 0212,3300 BLK NEW YORK AVE NE E/B,1521.0,Active,Live,1709701200000.0,,,Speed,45.0,38.91677,-76.96059,403418.0,138768.0,5,5C,5C04,2354478,{5CDA6F39-4179-36F1-E063-792F520A9410}
ATE 0129,2000 BLK BRANCH AVE SE S/B,1705.0,Active,Live,1761278400000.0,,,Speed,25.0,38.86574,-76.95979,403490.0,133103.0,7,7B,7B02,2354479,{5CDA6F39-417A-36F1-E063-792F520A9410}
ATE 0106,1900 BLK BRANCH AVE SE N/B,1718.0,Active,Live,1711425600000.0,,,Speed,25.0,38.8661,-76.9597,403497.0,133143.0,7,7B,7B02,2354480,{5CDA6F39-417B-36F1-E063-792F520A9410}
ATE 0137,2200 BLK BRANCH AVE SE N/B,1752.0,Active,Live,1698897600000.0,,Portable,Speed,25.0,38.86269,-76.95922,403539.0,132764.0,7,7B,7B02,2354481,{5CDA6F39-417C-36F1-E063-792F520A9410}
ATE 0138,2200 BLK BRANCH AVE SE S/B,1753.0,Active,Live,1700888400000.0,,Portable,Speed,25.0,38.86269,-76.95922,403539.0,132764.0,7,7B,7B02,2354482,{5CDA6F39-417D-36F1-E063-792F520A9410}
ATE 0598,BRANCH AVE N/B @ ALABAMA AVE SE,2703.0,Active,Live,1710907200000.0,,,Red Light,25.0,38.8616,-76.95886,403570.0,132644.0,7,7B,7B05,2354483,{5CDA6F39-417E-36F1-E063-792F520A9410}
ATE 0208,3200 BLK FORT LINCOLN DRIVE NE S/B,1522.0,Active,Live,1709701200000.0,,,Speed,25.0,38.92352,-76.95882,403571.0,139517.0,5,5C,5C01,2354484,{5CDA6F39-417F-36F1-E063-792F520A9410}
ATE 0559,3300 BLK MINNESOTA AVE SE N/B,1744.0,Active,Live,1711684800000.0,,,Speed,25.0,38.88225,-76.95832,403616.0,134936.0,7,7B,7B01,2354485,{5CDA6F39-4180-36F1-E063-792F520A9410}
ATE 0211,3300 BLK MINNESOTA AVE SE S/B,1745.0,Active,Live,1711512000000.0,,Fixed,Speed,25.0,38.8824,-76.9583,403618.0,134952.0,7,7B,7B01,2354486,{5CDA6F39-4181-36F1-E063-792F520A9410}
ATE 0222,3500 BLK MINNESOTA AVE SE N/B,1746.0,Active,Live,1711684800000.0,,Fixed,Speed,25.0,38.88601,-76.95559,403853.0,135353.0,7,7B,7B09,2354487,{5CDA6F39-4182-36F1-E063-792F520A9410}
ATE 0838,3600 blk Fort Lincoln Dr NE sw/b,1505.0,Active,Live,1762578000000.0,,,Speed,25.0,38.9223,-76.95455,403941.0,139382.0,5,5C,5C03,2354488,{5CDA6F39-4183-36F1-E063-792F520A9410}
ATE 0584,3700 BLK ALABAMA AVE SE SW/B,1760.0,Active,Live,1714104000000.0,,,Speed,25.0,38.86507,-76.95305,404075.0,133029.0,7,7B,7B02,2354489,{5CDA6F39-4184-36F1-E063-792F520A9410}
ATE 0241,3700 BLK SOUTHERN AVE SE SW/B,1716.0,Active,Live,1710388800000.0,,,Speed,25.0,38.86011,-76.95157,404204.0,132478.0,7,7B,7B06,2354490,{5CDA6F39-4185-36F1-E063-792F520A9410}
ATE 0416,DC295 NE AT BENNING RD EXIT N/B,1706.0,Active,Live,1710388800000.0,,,Speed,50.0,38.89606,-76.9514,404216.0,136469.0,7,7D,7D03,2354491,{5CDA6F39-4186-36F1-E063-792F520A9410}
ATE 0536,3900 BLK MINNESOTA AVE NE SW/B,1748.0,Active,Live,1711684800000.0,,Fixed,Speed,25.0,38.89386,-76.95027,404314.0,136225.0,7,7F,7F01,2354492,{5CDA6F39-4187-36F1-E063-792F520A9410}
ATE 0413,DC295 .7 MILES S/O EASTERN AVE NE S/b,1707.0,Active,Live,1711512000000.0,,,Speed,50.0,38.89755,-76.95006,404332.0,136635.0,7,7D,7D03,2354493,{5CDA6F39-4188-36F1-E063-792F520A9410}
ATE 0805,Minnesota Ave ne/b @ Benning Rd NE,2708.0,Active,Live,1720670400000.0,,,Red Light,25.0,38.89494,-76.94932,404396.0,136345.0,7,7F,7F01,2354494,{5CDA6F39-4189-36F1-E063-792F520A9410}
ATE 0460,MASSACHUSETTS AVE E/B @ FORT DAVIS,3702.0,Active,Live,1705208400000.0,,,Stop Sign,25.0,38.87296,-76.94905,404421.0,133905.0,7,7B,7B01,2354495,{5CDA6F39-418A-36F1-E063-792F520A9410}
ATE 0352,600 BLK KENILWORTH AVE NE S/B,1719.0,Active,Live,1711684800000.0,,,Speed,25.0,38.89897,-76.94844,404473.0,136792.0,7,7D,7D03,2354496,{5CDA6F39-418B-36F1-E063-792F520A9410}
ATE 0253,3900 BLK SOUTHERN AVE SE NE/B,1730.0,Active,Live,1702875600000.0,,Portable,Speed,25.0,38.8627,-76.94795,404518.0,132766.0,7,7B,7B06,2354497,{5CDA6F39-418C-36F1-E063-792F520A9410}
ATE 0490,PENNSYLVANIA E/B @ SOUTHERN AVE SE,2704.0,Active,Live,1711339200000.0,,,Red Light,25.0,38.86388,-76.94715,404587.0,132897.0,7,7B,7B06,2354498,{5CDA6F39-418D-36F1-E063-792F520A9410}
ATE 0573,KENILWORTH TERR NE/B @ JAY ST NE,3705.0,Active,Live,1710648000000.0,,,Stop Sign,25.0,38.90188,-76.94594,404689.0,137115.0,7,7D,7D02,2354499,{5CDA6F39-418E-36F1-E063-792F520A9410}
ATE 0538,4100 BLK MINNESOTA AVE NE NE/B,1750.0,Active,Live,1711684800000.0,,Fixed,Speed,25.0,38.89942,-76.94558,404721.0,136842.0,7,7C,7C09,2354500,{5CDA6F39-418F-36F1-E063-792F520A9410}
ATE 0264,4000 BLK EAST CAPITOL ST NE W/B,1713.0,Active,Live,1710907200000.0,,,Speed,35.0,38.8898,-76.94525,404750.0,135774.0,7,7F,7F02,2354501,{5CDA6F39-4190-36F1-E063-792F520A9410}
ATE 0247,3900 BLK E CAPITOL ST SE E/B,1712.0,Active,Live,1709701200000.0,,,Speed,35.0,38.88979,-76.94524,404751.0,135773.0,7,7F,7F02,2354502,{5CDA6F39-4191-36F1-E063-792F520A9410}
ATE 0839,700 blk Ridge Rd SE se/b,1723.0,Active,Live,1762578000000.0,,,Speed,25.0,38.87908,-76.94493,404778.0,134584.0,7,7B,7B08,2354503,{5CDA6F39-4192-36F1-E063-792F520A9410}
ATE 0539,4100 BLK MINNESOTA AVE NE SW/B,1751.0,Active,Live,1711771200000.0,,Fixed,Speed,25.0,38.90051,-76.94458,404807.0,136963.0,7,7C,7C09,2354504,{5CDA6F39-4193-36F1-E063-792F520A9410}
ATE 0290,4400 BLK TEXAS AVE SE N/B,1755.0,Active,Live,1774584000000.0,,Portable,Speed,20.0,38.88369,-76.94131,405092.0,135097.0,7,7E,7E07,2354505,{5CDA6F39-4194-36F1-E063-792F520A9410}
ATE 0834,4500 blk Texas Ave SE s/b,1761.0,Active,Live,1771218000000.0,,,Speed,20.0,38.88595,-76.94063,405151.0,135347.0,7,7E,7E07,2354506,{5CDA6F39-4195-36F1-E063-792F520A9410}
ATE 0300,4600 BLK TEXAS AVE SE N/B,1729.0,Active,Live,1775016000000.0,,Fixed,Speed,20.0,38.88669,-76.94047,405165.0,135429.0,7,7E,7E07,2354507,{5CDA6F39-4196-36F1-E063-792F520A9410}
ATE 0383,800 BLK RIDGE RD  SE NW/B,1720.0,Active,Live,1710648000000.0,,,Speed,25.0,38.87584,-76.94034,405177.0,134225.0,7,7B,7B08,2354508,{5CDA6F39-4197-36F1-E063-792F520A9410}
ATE 0278,4200 BLK SOUTHERN AVE SE NE/B,1710.0,Active,Live,1709701200000.0,,,Speed,25.0,38.86887,-76.94009,405199.0,133451.0,7,7B,7B08,2354509,{5CDA6F39-4198-36F1-E063-792F520A9410}
ATE 0785,4200 BLK SOUTHERN AVE SE SW/B,1709.0,Active,Live,1710907200000.0,,,Speed,25.0,38.87022,-76.93857,405331.0,133602.0,7,7B,7B08,2354510,{5CDA6F39-4199-36F1-E063-792F520A9410}
ATE 0602,E CAPITOL ST W/B @ BENNING RD NE,2701.0,Active,Live,1711684800000.0,,,Red Light,30.0,38.88984,-76.93707,405460.0,135780.0,7,7E,7E07,2354511,{5CDA6F39-419A-36F1-E063-792F520A9410}
ATE 0057,1400 BLK KENILWORTH AVE NE S/B,1717.0,Active,Live,1785384000000.0,,,Speed,25.0,38.91006,-76.93643,405514.0,138024.0,7,7D,7D01,2354512,{5CDA6F39-419B-36F1-E063-792F520A9410}
ATE 0531,1600 BLK EASTERN AVE NE SE/B,1738.0,Active,Live,1709269200000.0,,Portable,Speed,25.0,38.91168,-76.93349,405768.0,138204.0,7,7C,7C07,2354513,{5CDA6F39-419C-36F1-E063-792F520A9410}
ATE 0308,4800 BLK BENNING RD SE NW/B,1725.0,Active,Live,1700888400000.0,,Fixed,Speed,30.0,38.88214,-76.93335,405783.0,134925.0,7,7E,7E04,2354514,{5CDA6F39-419D-36F1-E063-792F520A9410}
ATE 0323,49TH ST S/B @ BLAINE ST NE,3703.0,Active,Live,1705208400000.0,,,Stop Sign,25.0,38.89228,-76.933,405812.0,136050.0,7,7C,7C03,2354515,{5CDA6F39-419E-36F1-E063-792F520A9410}
ATE 0530,1600 BLK EASTERN AVE NE NW/B,1737.0,Active,Live,1711684800000.0,,Portable,Speed,25.0,38.91131,-76.93282,405827.0,138163.0,7,7C,7C07,2354516,{5CDA6F39-419F-36F1-E063-792F520A9410}
ATE 0327,5000 BLK SOUTHERN AVE SE SW/B,1731.0,Active,Live,1703912400000.0,,Portable,Speed,25.0,38.87653,-76.93051,406029.0,134302.0,7,7E,7E02,2354517,{5CDA6F39-41A0-36F1-E063-792F520A9410}
ATE 0330,5100 BLK SOUTHERN AVE SE NE/B,1732.0,Active,Live,1703912400000.0,,Fixed,Speed,25.0,38.87737,-76.92926,406138.0,134396.0,7,7E,7E02,2354518,{5CDA6F39-41A1-36F1-E063-792F520A9410}
ATE 0326,5000 BLK SHERIFF ROAD NE W/B,1756.0,Active,Live,1711684800000.0,,,Speed,25.0,38.90357,-76.92844,406207.0,137304.0,7,7C,7C04,2354519,{5CDA6F39-41A2-36F1-E063-792F520A9410}
ATE 0038,1300 BLK EASTERN AVE NE NW/B,1711.0,Active,Live,1710907200000.0,,,Speed,25.0,38.90784,-76.92836,406213.0,137778.0,7,7C,7C07,2354520,{5CDA6F39-41A3-36F1-E063-792F520A9410}
ATE 0337,5500 BLK E CAPITOL ST SE E/B,1701.0,Active,Live,1691726400000.0,,,Speed,30.0,38.88976,-76.9219,406776.0,135771.0,7,7C,7C02,2354521,{5CDA6F39-41A4-36F1-E063-792F520A9410}
ATE 0830,55th St s/b @ Eads St NE,3604.0,Active,Live,1751256000000.0,,,Stop Sign,25.0,38.89606,-76.92182,406782.0,136471.0,7,7C,7C06,2354522,{5CDA6F39-41A5-36F1-E063-792F520A9410}
ATE 0381,800 BLK EASTERN AVE NE E/B,1715.0,Active,Live,1710907200000.0,,,Speed,25.0,38.90104,-76.91993,406946.0,137024.0,7,7C,7C06,2354523,{5CDA6F39-41A6-36F1-E063-792F520A9410}
ATE 0340,5600 BLK EAST CAPITOL ST NE W/B,1724.0,Active,Live,1700888400000.0,,Fixed,Speed,30.0,38.8899,-76.91986,406953.0,135787.0,7,7C,7C02,2354524,{5CDA6F39-41A7-36F1-E063-792F520A9410}
ATE 0545,5900 BLK SOUTHERN AVE SE NE/B,1757.0,Active,Live,1711684800000.0,,Fixed,Speed,25.0,38.88775,-76.9158,407305.0,135549.0,7,7C,7C08,2354525,{5CDA6F39-41A8-36F1-E063-792F520A9410}
ATE 0841,1300 blk Pennsylvania Ave SE e/b (WZ),1617.0,Active,Live,1767416400000.0,,,Speed,25.0,38.88076,-76.98696,401131.0,134770.0,6,6B,6B07,2354526,{5CDA6F39-41A9-36F1-E063-792F520A9410}
ATE 0842,1300 blk Pennsylvania Ave SE w/b (WZ),1618.0,Active,Live,1767416400000.0,,,Speed,25.0,38.87894,-76.98162,401595.0,134568.0,6,6B,6B09,2354527,{5CDA6F39-41AA-36F1-E063-792F520A9410}
ATE 0843,600 blk Ridge Rd SE nw/b,1762.0,Active,Live,1775016000000.0,,,Speed,25.0,38.87905,-76.94476,404793.0,134581.0,7,7B,7B08,2354528,{5CDA6F39-41AB-36F1-E063-792F520A9410}
ATE 0844,1300 blk H St NE w/b,1615.0,Active,Live,1775016000000.0,,,Speed,25.0,38.90025,-76.98608,401207.0,136933.0,6,6A,6A01,2354529,{5CDA6F39-41AC-36F1-E063-792F520A9410}
